Week,Home,Away,Date,HOME_day_since_last_game,AWAY_day_since_last_game
1,Chicago Bears,Green Bay Packers,9/5/19,0,0
1,Minnesota Vikings,Atlanta Falcons,9/8/19,0,0
1,New York Jets,Buffalo Bills,9/8/19,0,0
1,Carolina Panthers,Los Angeles Rams,9/8/19,0,0
1,Cleveland Browns,Tennessee Titans,9/8/19,0,0
1,Jacksonville Jaguars,Kansas City Chiefs,9/8/19,0,0
1,Miami Dolphins,Baltimore Ravens,9/8/19,0,0
1,Philadelphia Eagles,Washington Redskins,9/8/19,0,0
1,Seattle Seahawks,Cincinnati Bengals,9/8/19,0,0
1,Los Angeles Chargers,Indianapolis Colts,9/8/19,0,0
1,Arizona Cardinals,Detroit Lions,9/8/19,0,0
1,Dallas Cowboys,New York Giants,9/8/19,0,0
1,Tampa Bay Buccaneers,San Francisco 49ers,9/8/19,0,0
1,New England Patriots,Pittsburgh Steelers,9/8/19,0,0
1,New Orleans Saints,Houston Texans,9/9/19,0,0
1,Oakland Raiders,Denver Broncos,9/9/19,0,0
2,Carolina Panthers,Tampa Bay Buccaneers,9/12/19,4,4
2,New York Giants,Buffalo Bills,9/15/19,7,7
2,Cincinnati Bengals,San Francisco 49ers,9/15/19,7,7
2,Tennessee Titans,Indianapolis Colts,9/15/19,7,7
2,Baltimore Ravens,Arizona Cardinals,9/15/19,7,7
2,Washington Redskins,Dallas Cowboys,9/15/19,7,7
2,Detroit Lions,Los Angeles Chargers,9/15/19,7,7
2,Green Bay Packers,Minnesota Vikings,9/15/19,10,7
2,Houston Texans,Jacksonville Jaguars,9/15/19,6,7
2,Miami Dolphins,New England Patriots,9/15/19,7,7
2,Pittsburgh Steelers,Seattle Seahawks,9/15/19,7,7
2,Oakland Raiders,Kansas City Chiefs,9/15/19,6,7
2,Denver Broncos,Chicago Bears,9/15/19,6,10
2,Los Angeles Rams,New Orleans Saints,9/15/19,7,6
2,Atlanta Falcons,Philadelphia Eagles,9/15/19,7,7
2,New York Jets,Cleveland Browns,9/16/19,8,8
3,Jacksonville Jaguars,Tennessee Titans,9/19/19,4,4
3,Indianapolis Colts,Atlanta Falcons,9/22/19,7,7
3,Buffalo Bills,Cincinnati Bengals,9/22/19,7,7
3,Dallas Cowboys,Miami Dolphins,9/22/19,7,7
3,Green Bay Packers,Denver Broncos,9/22/19,7,7
3,Philadelphia Eagles,Detroit Lions,9/22/19,7,7
3,Kansas City Chiefs,Baltimore Ravens,9/22/19,7,7
3,Minnesota Vikings,Oakland Raiders,9/22/19,7,7
3,New England Patriots,New York Jets,9/22/19,7,6
3,Arizona Cardinals,Carolina Panthers,9/22/19,7,10
3,Tampa Bay Buccaneers,New York Giants,9/22/19,10,7
3,Los Angeles Chargers,Houston Texans,9/22/19,7,7
3,Seattle Seahawks,New Orleans Saints,9/22/19,7,7
3,San Francisco 49ers,Pittsburgh Steelers,9/22/19,7,7
3,Cleveland Browns,Los Angeles Rams,9/22/19,6,7
3,Washington Redskins,Chicago Bears,9/23/19,8,8
4,Green Bay Packers,Philadelphia Eagles,9/26/19,4,4
4,Atlanta Falcons,Tennessee Titans,9/29/19,7,10
4,Buffalo Bills,New England Patriots,9/29/19,7,7
4,Houston Texans,Carolina Panthers,9/29/19,7,7
4,Baltimore Ravens,Cleveland Browns,9/29/19,7,7
4,Indianapolis Colts,Oakland Raiders,9/29/19,7,7
4,Detroit Lions,Kansas City Chiefs,9/29/19,7,7
4,Miami Dolphins,Los Angeles Chargers,9/29/19,7,7
4,New York Giants,Washington Redskins,9/29/19,7,6
4,Arizona Cardinals,Seattle Seahawks,9/29/19,7,7
4,Los Angeles Rams,Tampa Bay Buccaneers,9/29/19,7,7
4,Chicago Bears,Minnesota Vikings,9/29/19,6,7
4,Denver Broncos,Jacksonville Jaguars,9/29/19,7,10
4,New Orleans Saints,Dallas Cowboys,9/29/19,7,7
4,Pittsburgh Steelers,Cincinnati Bengals,9/30/19,8,8
5,Seattle Seahawks,Los Angeles Rams,10/3/19,4,4
5,Philadelphia Eagles,New York Jets,10/6/19,10,14
5,Houston Texans,Atlanta Falcons,10/6/19,7,7
5,Tennessee Titans,Buffalo Bills,10/6/19,7,7
5,Carolina Panthers,Jacksonville Jaguars,10/6/19,7,7
5,Oakland Raiders,Chicago Bears,10/6/19,7,7
5,Cincinnati Bengals,Arizona Cardinals,10/6/19,6,7
5,New York Giants,Minnesota Vikings,10/6/19,7,7
5,New Orleans Saints,Tampa Bay Buccaneers,10/6/19,7,7
5,Washington Redskins,New England Patriots,10/6/19,7,7
5,Pittsburgh Steelers,Baltimore Ravens,10/6/19,6,7
5,Los Angeles Chargers,Denver Broncos,10/6/19,7,7
5,Dallas Cowboys,Green Bay Packers,10/6/19,7,10
5,Kansas City Chiefs,Indianapolis Colts,10/6/19,7,7
5,San Francisco 49ers,Cleveland Browns,10/7/19,15,8
6,New England Patriots,New York Giants,10/10/19,4,4
6,Tampa Bay Buccaneers,Carolina Panthers,10/13/19,7,7
6,Miami Dolphins,Washington Redskins,10/13/19,14,7
6,Baltimore Ravens,Cincinnati Bengals,10/13/19,7,7
6,Cleveland Browns,Seattle Seahawks,10/13/19,6,10
6,Kansas City Chiefs,Houston Texans,10/13/19,7,7
6,Jacksonville Jaguars,New Orleans Saints,10/13/19,7,7
6,Minnesota Vikings,Philadelphia Eagles,10/13/19,7,7
6,Arizona Cardinals,Atlanta Falcons,10/13/19,7,7
6,Los Angeles Rams,San Francisco 49ers,10/13/19,10,6
6,New York Jets,Dallas Cowboys,10/13/19,7,7
6,Denver Broncos,Tennessee Titans,10/13/19,7,7
6,Los Angeles Chargers,Pittsburgh Steelers,10/13/19,7,7
6,Green Bay Packers,Detroit Lions,10/14/19,8,15
7,Denver Broncos,Kansas City Chiefs,10/17/19,4,4
7,Buffalo Bills,Miami Dolphins,10/20/19,14,7
7,Indianapolis Colts,Houston Texans,10/20/19,14,7
7,Detroit Lions,Minnesota Vikings,10/20/19,6,7
7,Washington Redskins,San Francisco 49ers,10/20/19,7,7
7,Atlanta Falcons,Los Angeles Rams,10/20/19,7,7
7,Cincinnati Bengals,Jacksonville Jaguars,10/20/19,7,7
7,New York Giants,Arizona Cardinals,10/20/19,10,7
7,Green Bay Packers,Oakland Raiders,10/20/19,6,14
7,Tennessee Titans,Los Angeles Chargers,10/20/19,7,7
7,Chicago Bears,New Orleans Saints,10/20/19,14,7
7,Seattle Seahawks,Baltimore Ravens,10/20/19,7,7
7,Dallas Cowboys,Philadelphia Eagles,10/20/19,7,7
7,New York Jets,New England Patriots,10/21/19,8,11
8,Minnesota Vikings,Washington Redskins,10/24/19,4,4
8,Buffalo Bills,Philadelphia Eagles,10/27/19,7,7
8,Chicago Bears,Los Angeles Chargers,10/27/19,7,7
8,Indianapolis Colts,Denver Broncos,10/27/19,7,10
8,Detroit Lions,New York Giants,10/27/19,7,7
8,Atlanta Falcons,Seattle Seahawks,10/27/19,7,7
8,Los Angeles Rams,Cincinnati Bengals,10/27/19,7,7
8,New Orleans Saints,Arizona Cardinals,10/27/19,7,7
8,Jacksonville Jaguars,New York Jets,10/27/19,7,6
8,Tennessee Titans,Tampa Bay Buccaneers,10/27/19,7,14
8,San Francisco 49ers,Carolina Panthers,10/27/19,7,14
8,New England Patriots,Cleveland Browns,10/27/19,6,14
8,Houston Texans,Oakland Raiders,10/27/19,7,7
8,Kansas City Chiefs,Green Bay Packers,10/27/19,10,7
8,Pittsburgh Steelers,Miami Dolphins,10/28/19,15,8
9,Arizona Cardinals,San Francisco 49ers,10/31/19,4,4
9,Jacksonville Jaguars,Houston Texans,11/3/19,7,7
9,Buffalo Bills,Washington Redskins,11/3/19,7,10
9,Carolina Panthers,Tennessee Titans,11/3/19,7,7
9,Philadelphia Eagles,Chicago Bears,11/3/19,7,7
9,Pittsburgh Steelers,Indianapolis Colts,11/3/19,6,7
9,Miami Dolphins,New York Jets,11/3/19,6,7
9,Kansas City Chiefs,Minnesota Vikings,11/3/19,7,10
9,Oakland Raiders,Detroit Lions,11/3/19,7,7
9,Seattle Seahawks,Tampa Bay Buccaneers,11/3/19,7,7
9,Denver Broncos,Cleveland Browns,11/3/19,7,7
9,Los Angeles Chargers,Green Bay Packers,11/3/19,7,7
9,Baltimore Ravens,New England Patriots,11/3/19,14,7
9,New York Giants,Dallas Cowboys,11/4/19,8,15
10,Oakland Raiders,Los Angeles Chargers,11/7/19,4,4
10,New Orleans Saints,Atlanta Falcons,11/10/19,14,14
10,Cleveland Browns,Buffalo Bills,11/10/19,7,7
10,Chicago Bears,Detroit Lions,11/10/19,7,7
10,Cincinnati Bengals,Baltimore Ravens,11/10/19,14,7
10,Tampa Bay Buccaneers,Arizona Cardinals,11/10/19,7,10
10,Tennessee Titans,Kansas City Chiefs,11/10/19,7,7
10,New York Jets,New York Giants,11/10/19,7,6
10,Indianapolis Colts,Miami Dolphins,11/10/19,7,7
10,Green Bay Packers,Carolina Panthers,11/10/19,7,7
10,Pittsburgh Steelers,Los Angeles Rams,11/10/19,7,14
10,Dallas Cowboys,Minnesota Vikings,11/10/19,6,7
10,San Francisco 49ers,Seattle Seahawks,11/11/19,11,8
11,Cleveland Browns,Pittsburgh Steelers,11/14/19,4,4
11,Carolina Panthers,Atlanta Falcons,11/17/19,7,7
11,Miami Dolphins,Buffalo Bills,11/17/19,7,7
11,Indianapolis Colts,Jacksonville Jaguars,11/17/19,7,14
11,Detroit Lions,Dallas Cowboys,11/17/19,7,7
11,Minnesota Vikings,Denver Broncos,11/17/19,7,14
11,Baltimore Ravens,Houston Texans,11/17/19,7,14
11,Tampa Bay Buccaneers,New Orleans Saints,11/17/19,7,7
11,Washington Redskins,New York Jets,11/17/19,14,7
11,San Francisco 49ers,Arizona Cardinals,11/17/19,6,7
11,Oakland Raiders,Cincinnati Bengals,11/17/19,10,7
11,Philadelphia Eagles,New England Patriots,11/17/19,14,14
11,Los Angeles Rams,Chicago Bears,11/17/19,7,7
11,Los Angeles Chargers,Kansas City Chiefs,11/18/19,11,8
12,Houston Texans,Indianapolis Colts,11/21/19,4,4
12,Atlanta Falcons,Tampa Bay Buccaneers,11/24/19,7,7
12,Buffalo Bills,Denver Broncos,11/24/19,7,7
12,New Orleans Saints,Carolina Panthers,11/24/19,7,7
12,Chicago Bears,New York Giants,11/24/19,7,14
12,Cincinnati Bengals,Pittsburgh Steelers,11/24/19,7,10
12,Cleveland Browns,Miami Dolphins,11/24/19,10,7
12,Washington Redskins,Detroit Lions,11/24/19,7,7
12,New York Jets,Oakland Raiders,11/24/19,7,7
12,Philadelphia Eagles,Seattle Seahawks,11/24/19,7,13
12,Tennessee Titans,Jacksonville Jaguars,11/24/19,14,7
12,New England Patriots,Dallas Cowboys,11/24/19,7,7
12,San Francisco 49ers,Green Bay Packers,11/24/19,7,14
12,Los Angeles Rams,Baltimore Ravens,11/25/19,8,8
13,Detroit Lions,Chicago Bears,11/28/19,4,4
13,Dallas Cowboys,Buffalo Bills,11/28/19,4,4
13,Atlanta Falcons,New Orleans Saints,11/28/19,4,4
13,Carolina Panthers,Washington Redskins,12/1/19,7,7
13,Cincinnati Bengals,New York Jets,12/1/19,7,7
13,Pittsburgh Steelers,Cleveland Browns,12/1/19,7,7
13,Indianapolis Colts,Tennessee Titans,12/1/19,10,7
13,New York Giants,Green Bay Packers,12/1/19,7,7
13,Jacksonville Jaguars,Tampa Bay Buccaneers,12/1/19,7,7
13,Miami Dolphins,Philadelphia Eagles,12/1/19,7,7
13,Baltimore Ravens,San Francisco 49ers,12/1/19,6,7
13,Arizona Cardinals,Los Angeles Rams,12/1/19,14,6
13,Denver Broncos,Los Angeles Chargers,12/1/19,7,13
13,Kansas City Chiefs,Oakland Raiders,12/1/19,13,7
13,Houston Texans,New England Patriots,12/1/19,10,7
13,Seattle Seahawks,Minnesota Vikings,12/2/19,8,15
14,Chicago Bears,Dallas Cowboys,12/5/19,7,7
14,Atlanta Falcons,Carolina Panthers,12/8/19,10,7
14,Buffalo Bills,Baltimore Ravens,12/8/19,10,7
14,Cleveland Browns,Cincinnati Bengals,12/8/19,7,7
14,Tampa Bay Buccaneers,Indianapolis Colts,12/8/19,7,7
14,Houston Texans,Denver Broncos,12/8/19,7,7
14,Minnesota Vikings,Detroit Lions,12/8/19,6,10
14,Green Bay Packers,Washington Redskins,12/8/19,7,7
14,New York Jets,Miami Dolphins,12/8/19,7,7
14,New Orleans Saints,San Francisco 49ers,12/8/19,10,7
14,Jacksonville Jaguars,Los Angeles Chargers,12/8/19,7,7
14,Arizona Cardinals,Pittsburgh Steelers,12/8/19,7,7
14,New England Patriots,Kansas City Chiefs,12/8/19,7,7
14,Oakland Raiders,Tennessee Titans,12/8/19,7,7
14,Los Angeles Rams,Seattle Seahawks,12/8/19,7,6
14,Philadelphia Eagles,New York Giants,12/9/19,8,8
15,Baltimore Ravens,New York Jets,12/12/19,4,4
15,Carolina Panthers,Seattle Seahawks,12/15/19,7,7
15,Green Bay Packers,Chicago Bears,12/15/19,7,10
15,Cincinnati Bengals,New England Patriots,12/15/19,7,7
15,Kansas City Chiefs,Denver Broncos,12/15/19,7,7
15,Detroit Lions,Tampa Bay Buccaneers,12/15/19,7,7
15,Tennessee Titans,Houston Texans,12/15/19,7,7
15,New York Giants,Miami Dolphins,12/15/19,6,7
15,Washington Redskins,Philadelphia Eagles,12/15/19,7,6
15,Arizona Cardinals,Cleveland Browns,12/15/19,7,7
15,Oakland Raiders,Jacksonville Jaguars,12/15/19,7,7
15,Los Angeles Chargers,Minnesota Vikings,12/15/19,7,7
15,San Francisco 49ers,Atlanta Falcons,12/15/19,7,7
15,Dallas Cowboys,Los Angeles Rams,12/15/19,10,7
15,Pittsburgh Steelers,Buffalo Bills,12/15/19,7,7
15,New Orleans Saints,Indianapolis Colts,12/16/19,8,8
16,Tampa Bay Buccaneers,Houston Texans,12/21/19,6,6
16,New England Patriots,Buffalo Bills,12/21/19,6,6
16,San Francisco 49ers,Los Angeles Rams,12/21/19,6,6
16,Atlanta Falcons,Jacksonville Jaguars,12/22/19,7,7
16,Indianapolis Colts,Carolina Panthers,12/22/19,6,7
16,Miami Dolphins,Cincinnati Bengals,12/22/19,7,7
16,Cleveland Browns,Baltimore Ravens,12/22/19,7,10
16,Tennessee Titans,New Orleans Saints,12/22/19,7,6
16,Washington Redskins,New York Giants,12/22/19,7,7
16,New York Jets,Pittsburgh Steelers,12/22/19,10,7
16,Denver Broncos,Detroit Lions,12/22/19,7,7
16,Los Angeles Chargers,Oakland Raiders,12/22/19,7,7
16,Seattle Seahawks,Arizona Cardinals,12/22/19,7,7
16,Philadelphia Eagles,Dallas Cowboys,12/22/19,7,7
16,Chicago Bears,Kansas City Chiefs,12/22/19,7,7
16,Minnesota Vikings,Green Bay Packers,12/23/19,8,8
17,Tampa Bay Buccaneers,Atlanta Falcons,12/29/19,8,7
17,Buffalo Bills,New York Jets,12/29/19,8,7
17,Carolina Panthers,New Orleans Saints,12/29/19,7,7
17,Minnesota Vikings,Chicago Bears,12/29/19,6,7
17,Cincinnati Bengals,Cleveland Browns,12/29/19,7,7
17,Detroit Lions,Green Bay Packers,12/29/19,7,6
17,Kansas City Chiefs,Los Angeles Chargers,12/29/19,7,7
17,New England Patriots,Miami Dolphins,12/29/19,8,7
17,Jacksonville Jaguars,Indianapolis Colts,12/29/19,7,7
17,Los Angeles Rams,Arizona Cardinals,12/29/19,8,7
17,Dallas Cowboys,Washington Redskins,12/29/19,7,7
17,Denver Broncos,Oakland Raiders,12/29/19,7,7
17,Houston Texans,Tennessee Titans,12/29/19,8,7
17,New York Giants,Philadelphia Eagles,12/29/19,7,7
17,Baltimore Ravens,Pittsburgh Steelers,12/29/19,7,7
17,Seattle Seahawks,San Francisco 49ers,12/29/19,7,8
WildCard,Houston Texans,Buffalo Bills,1/4/20,6,6
WildCard,New England Patriots,Tennessee Titans,1/4/20,6,6
WildCard,New Orleans Saints,Minnesota Vikings,1/5/20,7,7
WildCard,Philadelphia Eagles,Seattle Seahawks,1/5/20,7,7
Division,San Francisco 49ers,Minnesota Vikings,1/11/20,13,6
Division,Baltimore Ravens,Tennessee Titans,1/11/20,13,7
Division,Kansas City Chiefs,Houston Texans,1/12/20,14,8
Division,Green Bay Packers,Seattle Seahawks,1/12/20,14,7
ConfChamp,Kansas City Chiefs,Tennessee Titans,1/19/20,7,8
ConfChamp,San Francisco 49ers,Green Bay Packers,1/19/20,8,7
SuperBowl,Kansas City Chiefs,San Francisco 49ers,2/2/20,14,14
1,Kansas City Chiefs,Houston Texans,9/10/20,0,0
1,Atlanta Falcons,Seattle Seahawks,9/13/20,0,0
1,Buffalo Bills,New York Jets,9/13/20,0,0
1,Carolina Panthers,Las Vegas Raiders,9/13/20,0,0
1,Detroit Lions,Chicago Bears,9/13/20,0,0
1,Baltimore Ravens,Cleveland Browns,9/13/20,0,0
1,Jacksonville Jaguars,Indianapolis Colts,9/13/20,0,0
1,Minnesota Vikings,Green Bay Packers,9/13/20,0,0
1,New England Patriots,Miami Dolphins,9/13/20,0,0
1,Washington Football Team,Philadelphia Eagles,9/13/20,0,0
1,Cincinnati Bengals,Los Angeles Chargers,9/13/20,0,0
1,San Francisco 49ers,Arizona Cardinals,9/13/20,0,0
1,New Orleans Saints,Tampa Bay Buccaneers,9/13/20,0,0
1,Los Angeles Rams,Dallas Cowboys,9/13/20,0,0
1,New York Giants,Pittsburgh Steelers,9/14/20,0,0
1,Denver Broncos,Tennessee Titans,9/14/20,0,0
2,Cleveland Browns,Cincinnati Bengals,9/17/20,4,4
2,Dallas Cowboys,Atlanta Falcons,9/20/20,7,7
2,Miami Dolphins,Buffalo Bills,9/20/20,7,7
2,Tampa Bay Buccaneers,Carolina Panthers,9/20/20,7,7
2,Chicago Bears,New York Giants,9/20/20,7,6
2,Indianapolis Colts,Minnesota Vikings,9/20/20,7,7
2,Pittsburgh Steelers,Denver Broncos,9/20/20,6,6
2,Green Bay Packers,Detroit Lions,9/20/20,7,7
2,Tennessee Titans,Jacksonville Jaguars,9/20/20,6,7
2,New York Jets,San Francisco 49ers,9/20/20,7,7
2,Philadelphia Eagles,Los Angeles Rams,9/20/20,7,7
2,Arizona Cardinals,Washington Football Team,9/20/20,7,7
2,Houston Texans,Baltimore Ravens,9/20/20,10,7
2,Los Angeles Chargers,Kansas City Chiefs,9/20/20,7,10
2,Seattle Seahawks,New England Patriots,9/20/20,7,7
2,Las Vegas Raiders,New Orleans Saints,9/21/20,8,8
3,Jacksonville Jaguars,Miami Dolphins,9/24/20,4,4
3,Atlanta Falcons,Chicago Bears,9/27/20,7,7
3,Buffalo Bills,Los Angeles Rams,9/27/20,7,7
3,Philadelphia Eagles,Cincinnati Bengals,9/27/20,7,10
3,Cleveland Browns,Washington Football Team,9/27/20,10,7
3,Pittsburgh Steelers,Houston Texans,9/27/20,7,7
3,Minnesota Vikings,Tennessee Titans,9/27/20,7,7
3,New England Patriots,Las Vegas Raiders,9/27/20,7,6
3,New York Giants,San Francisco 49ers,9/27/20,7,7
3,Los Angeles Chargers,Carolina Panthers,9/27/20,7,7
3,Indianapolis Colts,New York Jets,9/27/20,7,7
3,Arizona Cardinals,Detroit Lions,9/27/20,7,7
3,Seattle Seahawks,Dallas Cowboys,9/27/20,7,7
3,Denver Broncos,Tampa Bay Buccaneers,9/27/20,7,7
3,New Orleans Saints,Green Bay Packers,9/27/20,6,7
3,Baltimore Ravens,Kansas City Chiefs,9/28/20,8,8
4,New York Jets,Denver Broncos,10/1/20,4,4
4,Carolina Panthers,Arizona Cardinals,10/4/20,7,7
4,Chicago Bears,Indianapolis Colts,10/4/20,7,7
4,Cincinnati Bengals,Jacksonville Jaguars,10/4/20,7,10
4,Dallas Cowboys,Cleveland Browns,10/4/20,7,7
4,Detroit Lions,New Orleans Saints,10/4/20,7,7
4,Houston Texans,Minnesota Vikings,10/4/20,7,7
4,Miami Dolphins,Seattle Seahawks,10/4/20,10,7
4,Washington Football Team,Baltimore Ravens,10/4/20,7,6
4,Tampa Bay Buccaneers,Los Angeles Chargers,10/4/20,7,7
4,Los Angeles Rams,New York Giants,10/4/20,7,7
4,Las Vegas Raiders,Buffalo Bills,10/4/20,7,7
4,San Francisco 49ers,Philadelphia Eagles,10/4/20,7,7
4,Kansas City Chiefs,New England Patriots,10/5/20,7,8
4,Green Bay Packers,Atlanta Falcons,10/5/20,8,8
5,Chicago Bears,Tampa Bay Buccaneers,10/8/20,4,4
5,Atlanta Falcons,Carolina Panthers,10/11/20,6,7
5,Baltimore Ravens,Cincinnati Bengals,10/11/20,7,7
5,New York Jets,Arizona Cardinals,10/11/20,10,7
5,Houston Texans,Jacksonville Jaguars,10/11/20,7,7
5,Kansas City Chiefs,Las Vegas Raiders,10/11/20,6,7
5,Pittsburgh Steelers,Philadelphia Eagles,10/11/20,14,7
5,Washington Football Team,Los Angeles Rams,10/11/20,7,7
5,San Francisco 49ers,Miami Dolphins,10/11/20,7,7
5,Cleveland Browns,Indianapolis Colts,10/11/20,7,7
5,Dallas Cowboys,New York Giants,10/11/20,7,7
5,Seattle Seahawks,Minnesota Vikings,10/11/20,7,7
5,New Orleans Saints,Los Angeles Chargers,10/12/20,8,8
5,Tennessee Titans,Buffalo Bills,10/13/20,16,9
6,New England Patriots,Denver Broncos,10/18/20,13,17
6,Jacksonville Jaguars,Detroit Lions,10/18/20,7,14
6,Minnesota Vikings,Atlanta Falcons,10/18/20,7,7
6,Carolina Panthers,Chicago Bears,10/18/20,7,10
6,Indianapolis Colts,Cincinnati Bengals,10/18/20,7,7
6,Pittsburgh Steelers,Cleveland Browns,10/18/20,7,7
6,Tennessee Titans,Houston Texans,10/18/20,5,7
6,New York Giants,Washington Football Team,10/18/20,7,7
6,Philadelphia Eagles,Baltimore Ravens,10/18/20,7,7
6,Miami Dolphins,New York Jets,10/18/20,7,7
6,Tampa Bay Buccaneers,Green Bay Packers,10/18/20,10,13
6,San Francisco 49ers,Los Angeles Rams,10/18/20,7,7
6,Buffalo Bills,Kansas City Chiefs,10/19/20,6,8
6,Dallas Cowboys,Arizona Cardinals,10/19/20,8,8
7,Philadelphia Eagles,New York Giants,10/22/20,4,4
7,Houston Texans,Green Bay Packers,10/25/20,7,7
7,Tennessee Titans,Pittsburgh Steelers,10/25/20,7,7
7,Atlanta Falcons,Detroit Lions,10/25/20,7,7
7,New York Jets,Buffalo Bills,10/25/20,7,6
7,New Orleans Saints,Carolina Panthers,10/25/20,13,7
7,Cincinnati Bengals,Cleveland Browns,10/25/20,7,7
7,Washington Football Team,Dallas Cowboys,10/25/20,7,6
7,Las Vegas Raiders,Tampa Bay Buccaneers,10/25/20,14,7
7,Denver Broncos,Kansas City Chiefs,10/25/20,7,6
7,New England Patriots,San Francisco 49ers,10/25/20,7,7
7,Los Angeles Chargers,Jacksonville Jaguars,10/25/20,13,7
7,Arizona Cardinals,Seattle Seahawks,10/25/20,6,14
7,Los Angeles Rams,Chicago Bears,10/26/20,8,8
8,Carolina Panthers,Atlanta Falcons,10/29/20,4,4
8,Detroit Lions,Indianapolis Colts,11/1/20,7,14
8,Green Bay Packers,Minnesota Vikings,11/1/20,7,14
8,Miami Dolphins,Los Angeles Rams,11/1/20,14,6
8,Baltimore Ravens,Pittsburgh Steelers,11/1/20,14,7
8,Buffalo Bills,New England Patriots,11/1/20,7,7
8,Cincinnati Bengals,Tennessee Titans,11/1/20,7,7
8,Cleveland Browns,Las Vegas Raiders,11/1/20,7,7
8,Kansas City Chiefs,New York Jets,11/1/20,7,7
8,Denver Broncos,Los Angeles Chargers,11/1/20,7,7
8,Seattle Seahawks,San Francisco 49ers,11/1/20,7,7
8,Chicago Bears,New Orleans Saints,11/1/20,6,7
8,Philadelphia Eagles,Dallas Cowboys,11/1/20,10,7
8,New York Giants,Tampa Bay Buccaneers,11/2/20,11,8
9,San Francisco 49ers,Green Bay Packers,11/5/20,4,4
9,Indianapolis Colts,Baltimore Ravens,11/8/20,7,7
9,Minnesota Vikings,Detroit Lions,11/8/20,7,7
9,Jacksonville Jaguars,Houston Texans,11/8/20,14,14
9,Atlanta Falcons,Denver Broncos,11/8/20,10,7
9,Buffalo Bills,Seattle Seahawks,11/8/20,7,7
9,Kansas City Chiefs,Carolina Panthers,11/8/20,7,10
9,Tennessee Titans,Chicago Bears,11/8/20,7,7
9,Washington Football Team,New York Giants,11/8/20,14,6
9,Los Angeles Chargers,Las Vegas Raiders,11/8/20,7,7
9,Arizona Cardinals,Miami Dolphins,11/8/20,14,7
9,Dallas Cowboys,Pittsburgh Steelers,11/8/20,7,7
9,Tampa Bay Buccaneers,New Orleans Saints,11/8/20,6,7
9,New York Jets,New England Patriots,11/9/20,8,8
10,Tennessee Titans,Indianapolis Colts,11/12/20,4,4
10,Cleveland Browns,Houston Texans,11/15/20,14,7
10,Detroit Lions,Washington Football Team,11/15/20,7,7
10,Green Bay Packers,Jacksonville Jaguars,11/15/20,10,7
10,Carolina Panthers,Tampa Bay Buccaneers,11/15/20,7,7
10,New York Giants,Philadelphia Eagles,11/15/20,7,14
10,Las Vegas Raiders,Denver Broncos,11/15/20,7,7
10,Miami Dolphins,Los Angeles Chargers,11/15/20,7,7
10,Arizona Cardinals,Buffalo Bills,11/15/20,7,7
10,Pittsburgh Steelers,Cincinnati Bengals,11/15/20,7,14
10,New Orleans Saints,San Francisco 49ers,11/15/20,7,10
10,Los Angeles Rams,Seattle Seahawks,11/15/20,14,7
10,New England Patriots,Baltimore Ravens,11/15/20,6,7
10,Chicago Bears,Minnesota Vikings,11/16/20,8,8
11,Seattle Seahawks,Arizona Cardinals,11/19/20,4,4
11,New Orleans Saints,Atlanta Falcons,11/22/20,7,14
11,Washington Football Team,Cincinnati Bengals,11/22/20,7,7
11,Cleveland Browns,Philadelphia Eagles,11/22/20,7,7
11,Houston Texans,New England Patriots,11/22/20,7,7
11,Jacksonville Jaguars,Pittsburgh Steelers,11/22/20,7,7
11,Baltimore Ravens,Tennessee Titans,11/22/20,7,10
11,Carolina Panthers,Detroit Lions,11/22/20,7,7
11,Denver Broncos,Miami Dolphins,11/22/20,7,7
11,Los Angeles Chargers,New York Jets,11/22/20,7,13
11,Indianapolis Colts,Green Bay Packers,11/22/20,10,7
11,Minnesota Vikings,Dallas Cowboys,11/22/20,6,14
11,Las Vegas Raiders,Kansas City Chiefs,11/22/20,7,14
11,Tampa Bay Buccaneers,Los Angeles Rams,11/23/20,8,8
12,Detroit Lions,Houston Texans,11/26/20,4,4
12,Dallas Cowboys,Washington Football Team,11/26/20,4,4
12,Atlanta Falcons,Las Vegas Raiders,11/29/20,7,7
12,Buffalo Bills,Los Angeles Chargers,11/29/20,14,7
12,Cincinnati Bengals,New York Giants,11/29/20,7,14
12,Jacksonville Jaguars,Cleveland Browns,11/29/20,7,7
12,Indianapolis Colts,Tennessee Titans,11/29/20,7,7
12,New England Patriots,Arizona Cardinals,11/29/20,7,10
12,New York Jets,Miami Dolphins,11/29/20,7,7
12,Minnesota Vikings,Carolina Panthers,11/29/20,7,7
12,Denver Broncos,New Orleans Saints,11/29/20,7,7
12,Los Angeles Rams,San Francisco 49ers,11/29/20,6,14
12,Tampa Bay Buccaneers,Kansas City Chiefs,11/29/20,6,7
12,Green Bay Packers,Chicago Bears,11/29/20,7,13
12,Philadelphia Eagles,Seattle Seahawks,11/30/20,8,11
12,Pittsburgh Steelers,Baltimore Ravens,12/2/20,10,10
13,Atlanta Falcons,New Orleans Saints,12/6/20,7,7
13,Chicago Bears,Detroit Lions,12/6/20,7,10
13,Miami Dolphins,Cincinnati Bengals,12/6/20,7,7
13,Tennessee Titans,Cleveland Browns,12/6/20,7,7
13,Houston Texans,Indianapolis Colts,12/6/20,10,7
13,Minnesota Vikings,Jacksonville Jaguars,12/6/20,7,7
13,New York Jets,Las Vegas Raiders,12/6/20,7,7
13,Arizona Cardinals,Los Angeles Rams,12/6/20,7,7
13,Seattle Seahawks,New York Giants,12/6/20,6,7
13,Green Bay Packers,Philadelphia Eagles,12/6/20,7,6
13,Los Angeles Chargers,New England Patriots,12/6/20,7,7
13,Kansas City Chiefs,Denver Broncos,12/6/20,7,7
13,Pittsburgh Steelers,Washington Football Team,12/7/20,5,11
13,San Francisco 49ers,Buffalo Bills,12/7/20,8,8
13,Baltimore Ravens,Dallas Cowboys,12/8/20,6,12
14,Los Angeles Rams,New England Patriots,12/10/20,4,4
14,Carolina Panthers,Denver Broncos,12/13/20,14,7
14,Chicago Bears,Houston Texans,12/13/20,7,7
14,Cincinnati Bengals,Dallas Cowboys,12/13/20,7,5
14,New York Giants,Arizona Cardinals,12/13/20,7,7
14,Jacksonville Jaguars,Tennessee Titans,12/13/20,7,7
14,Miami Dolphins,Kansas City Chiefs,12/13/20,7,7
14,Tampa Bay Buccaneers,Minnesota Vikings,12/13/20,14,7
14,Las Vegas Raiders,Indianapolis Colts,12/13/20,7,7
14,Seattle Seahawks,New York Jets,12/13/20,7,7
14,Los Angeles Chargers,Atlanta Falcons,12/13/20,7,7
14,Detroit Lions,Green Bay Packers,12/13/20,7,7
14,Philadelphia Eagles,New Orleans Saints,12/13/20,7,7
14,San Francisco 49ers,Washington Football Team,12/13/20,6,6
14,Buffalo Bills,Pittsburgh Steelers,12/13/20,6,6
14,Cleveland Browns,Baltimore Ravens,12/14/20,8,6
15,Las Vegas Raiders,Los Angeles Chargers,12/17/20,4,4
15,Denver Broncos,Buffalo Bills,12/19/20,6,6
15,Green Bay Packers,Carolina Panthers,12/19/20,6,6
15,Atlanta Falcons,Tampa Bay Buccaneers,12/20/20,7,7
15,Minnesota Vikings,Chicago Bears,12/20/20,7,7
15,Indianapolis Colts,Houston Texans,12/20/20,7,7
15,Dallas Cowboys,San Francisco 49ers,12/20/20,7,7
15,Tennessee Titans,Detroit Lions,12/20/20,7,7
15,Baltimore Ravens,Jacksonville Jaguars,12/20/20,6,7
15,Miami Dolphins,New England Patriots,12/20/20,7,10
15,Washington Football Team,Seattle Seahawks,12/20/20,7,7
15,Arizona Cardinals,Philadelphia Eagles,12/20/20,7,7
15,Los Angeles Rams,New York Jets,12/20/20,10,7
15,New Orleans Saints,Kansas City Chiefs,12/20/20,7,7
15,New York Giants,Cleveland Browns,12/20/20,7,6
15,Cincinnati Bengals,Pittsburgh Steelers,12/21/20,8,8
16,New Orleans Saints,Minnesota Vikings,12/25/20,5,5
16,Detroit Lions,Tampa Bay Buccaneers,12/26/20,6,6
16,Arizona Cardinals,San Francisco 49ers,12/26/20,6,6
16,Las Vegas Raiders,Miami Dolphins,12/26/20,9,6
16,Kansas City Chiefs,Atlanta Falcons,12/27/20,7,7
16,Jacksonville Jaguars,Chicago Bears,12/27/20,7,7
16,Houston Texans,Cincinnati Bengals,12/27/20,7,6
16,New York Jets,Cleveland Browns,12/27/20,7,7
16,Pittsburgh Steelers,Indianapolis Colts,12/27/20,6,7
16,Baltimore Ravens,New York Giants,12/27/20,7,7
16,Washington Football Team,Carolina Panthers,12/27/20,7,8
16,Los Angeles Chargers,Denver Broncos,12/27/20,10,8
16,Dallas Cowboys,Philadelphia Eagles,12/27/20,7,7
16,Seattle Seahawks,Los Angeles Rams,12/27/20,7,7
16,Green Bay Packers,Tennessee Titans,12/27/20,8,7
16,New England Patriots,Buffalo Bills,12/28/20,8,9
17,Tampa Bay Buccaneers,Atlanta Falcons,1/3/21,8,7
17,Buffalo Bills,Miami Dolphins,1/3/21,6,8
17,Cincinnati Bengals,Baltimore Ravens,1/3/21,7,7
17,Cleveland Browns,Pittsburgh Steelers,1/3/21,7,7
17,New York Giants,Dallas Cowboys,1/3/21,7,7
17,Detroit Lions,Minnesota Vikings,1/3/21,8,9
17,New England Patriots,New York Jets,1/3/21,6,7
17,Carolina Panthers,New Orleans Saints,1/3/21,7,9
17,Chicago Bears,Green Bay Packers,1/3/21,7,7
17,Indianapolis Colts,Jacksonville Jaguars,1/3/21,7,7
17,Los Angeles Rams,Arizona Cardinals,1/3/21,7,8
17,Denver Broncos,Las Vegas Raiders,1/3/21,7,8
17,Houston Texans,Tennessee Titans,1/3/21,7,7
17,Kansas City Chiefs,Los Angeles Chargers,1/3/21,7,7
17,San Francisco 49ers,Seattle Seahawks,1/3/21,8,7
17,Philadelphia Eagles,Washington Football Team,1/3/21,7,7
WildCard,Buffalo Bills,Indianapolis Colts,1/9/21,6,6
WildCard,Seattle Seahawks,Los Angeles Rams,1/9/21,6,6
WildCard,Washington Football Team,Tampa Bay Buccaneers,1/9/21,6,6
WildCard,Tennessee Titans,Baltimore Ravens,1/10/21,7,7
WildCard,New Orleans Saints,Chicago Bears,1/10/21,7,7
WildCard,Pittsburgh Steelers,Cleveland Browns,1/10/21,7,7
Division,Green Bay Packers,Los Angeles Rams,1/16/21,13,7
Division,Buffalo Bills,Baltimore Ravens,1/16/21,7,6
Division,Kansas City Chiefs,Cleveland Browns,1/17/21,14,7
Division,New Orleans Saints,Tampa Bay Buccaneers,1/17/21,7,8
ConfChamp,Green Bay Packers,Tampa Bay Buccaneers,1/24/21,8,7
ConfChamp,Kansas City Chiefs,Buffalo Bills,1/24/21,7,8
SuperBowl,Tampa Bay Buccaneers,Kansas City Chiefs,2/7/21,14,14
1,Tampa Bay Buccaneers,Dallas Cowboys,9/9/21,0,0
1,Atlanta Falcons,Philadelphia Eagles,9/12/21,0,0
1,Buffalo Bills,Pittsburgh Steelers,9/12/21,0,0
1,Carolina Panthers,New York Jets,9/12/21,0,0
1,Cincinnati Bengals,Minnesota Vikings,9/12/21,0,0
1,Indianapolis Colts,Seattle Seahawks,9/12/21,0,0
1,Tennessee Titans,Arizona Cardinals,9/12/21,0,0
1,Detroit Lions,San Francisco 49ers,9/12/21,0,0
1,Houston Texans,Jacksonville Jaguars,9/12/21,0,0
1,Washington Football Team,Los Angeles Chargers,9/12/21,0,0
1,Kansas City Chiefs,Cleveland Browns,9/12/21,0,0
1,New York Giants,Denver Broncos,9/12/21,0,0
1,New Orleans Saints,Green Bay Packers,9/12/21,0,0
1,New England Patriots,Miami Dolphins,9/12/21,0,0
1,Los Angeles Rams,Chicago Bears,9/12/21,0,0
1,Las Vegas Raiders,Baltimore Ravens,9/13/21,0,0
2,Washington Football Team,New York Giants,9/16/21,4,4
2,Miami Dolphins,Buffalo Bills,9/19/21,7,7
2,Carolina Panthers,New Orleans Saints,9/19/21,7,7
2,Chicago Bears,Cincinnati Bengals,9/19/21,7,7
2,Cleveland Browns,Houston Texans,9/19/21,7,7
2,Indianapolis Colts,Los Angeles Rams,9/19/21,7,7
2,Jacksonville Jaguars,Denver Broncos,9/19/21,7,7
2,New York Jets,New England Patriots,9/19/21,7,7
2,Philadelphia Eagles,San Francisco 49ers,9/19/21,7,7
2,Pittsburgh Steelers,Las Vegas Raiders,9/19/21,7,6
2,Tampa Bay Buccaneers,Atlanta Falcons,9/19/21,10,7
2,Arizona Cardinals,Minnesota Vikings,9/19/21,7,7
2,Los Angeles Chargers,Dallas Cowboys,9/19/21,7,10
2,Seattle Seahawks,Tennessee Titans,9/19/21,7,7
2,Baltimore Ravens,Kansas City Chiefs,9/19/21,6,7
2,Green Bay Packers,Detroit Lions,9/20/21,8,8
3,Houston Texans,Carolina Panthers,9/23/21,4,4
3,New York Giants,Atlanta Falcons,9/26/21,10,7
3,Buffalo Bills,Washington Football Team,9/26/21,7,10
3,Cleveland Browns,Chicago Bears,9/26/21,7,7
3,Pittsburgh Steelers,Cincinnati Bengals,9/26/21,7,7
3,Tennessee Titans,Indianapolis Colts,9/26/21,7,7
3,Jacksonville Jaguars,Arizona Cardinals,9/26/21,7,7
3,Detroit Lions,Baltimore Ravens,9/26/21,6,7
3,Kansas City Chiefs,Los Angeles Chargers,9/26/21,7,7
3,New England Patriots,New Orleans Saints,9/26/21,7,7
3,Denver Broncos,New York Jets,9/26/21,7,7
3,Las Vegas Raiders,Miami Dolphins,9/26/21,7,7
3,Minnesota Vikings,Seattle Seahawks,9/26/21,7,7
3,Los Angeles Rams,Tampa Bay Buccaneers,9/26/21,7,7
3,San Francisco 49ers,Green Bay Packers,9/26/21,7,6
3,Dallas Cowboys,Philadelphia Eagles,9/27/21,8,8
4,Cincinnati Bengals,Jacksonville Jaguars,9/30/21,4,4
4,Atlanta Falcons,Washington Football Team,10/3/21,7,7
4,Buffalo Bills,Houston Texans,10/3/21,7,10
4,Dallas Cowboys,Carolina Panthers,10/3/21,6,10
4,Chicago Bears,Detroit Lions,10/3/21,7,7
4,Minnesota Vikings,Cleveland Browns,10/3/21,7,7
4,Miami Dolphins,Indianapolis Colts,10/3/21,7,7
4,Philadelphia Eagles,Kansas City Chiefs,10/3/21,6,7
4,New Orleans Saints,New York Giants,10/3/21,7,7
4,New York Jets,Tennessee Titans,10/3/21,7,7
4,Los Angeles Rams,Arizona Cardinals,10/3/21,7,7
4,San Francisco 49ers,Seattle Seahawks,10/3/21,7,7
4,Denver Broncos,Baltimore Ravens,10/3/21,7,7
4,Green Bay Packers,Pittsburgh Steelers,10/3/21,7,7
4,New England Patriots,Tampa Bay Buccaneers,10/3/21,7,7
4,Los Angeles Chargers,Las Vegas Raiders,10/4/21,8,8
5,Seattle Seahawks,Los Angeles Rams,10/7/21,4,4
5,Atlanta Falcons,New York Jets,10/10/21,7,7
5,Carolina Panthers,Philadelphia Eagles,10/10/21,7,7
5,Cincinnati Bengals,Green Bay Packers,10/10/21,10,7
5,Pittsburgh Steelers,Denver Broncos,10/10/21,7,7
5,Minnesota Vikings,Detroit Lions,10/10/21,7,7
5,Houston Texans,New England Patriots,10/10/21,7,7
5,Jacksonville Jaguars,Tennessee Titans,10/10/21,10,7
5,Tampa Bay Buccaneers,Miami Dolphins,10/10/21,7,7
5,Washington Football Team,New Orleans Saints,10/10/21,7,7
5,Las Vegas Raiders,Chicago Bears,10/10/21,6,7
5,Los Angeles Chargers,Cleveland Browns,10/10/21,6,7
5,Arizona Cardinals,San Francisco 49ers,10/10/21,7,7
5,Dallas Cowboys,New York Giants,10/10/21,7,7
5,Kansas City Chiefs,Buffalo Bills,10/10/21,7,7
5,Baltimore Ravens,Indianapolis Colts,10/11/21,8,8
6,Philadelphia Eagles,Tampa Bay Buccaneers,10/14/21,4,4
6,Jacksonville Jaguars,Miami Dolphins,10/17/21,7,7
6,Carolina Panthers,Minnesota Vikings,10/17/21,7,7
6,Chicago Bears,Green Bay Packers,10/17/21,7,7
6,Detroit Lions,Cincinnati Bengals,10/17/21,7,7
6,Indianapolis Colts,Houston Texans,10/17/21,6,7
6,Washington Football Team,Kansas City Chiefs,10/17/21,7,7
6,New York Giants,Los Angeles Rams,10/17/21,7,10
6,Baltimore Ravens,Los Angeles Chargers,10/17/21,6,7
6,Cleveland Browns,Arizona Cardinals,10/17/21,7,7
6,New England Patriots,Dallas Cowboys,10/17/21,7,7
6,Denver Broncos,Las Vegas Raiders,10/17/21,7,7
6,Pittsburgh Steelers,Seattle Seahawks,10/17/21,7,10
6,Tennessee Titans,Buffalo Bills,10/18/21,8,8
7,Cleveland Browns,Denver Broncos,10/21/21,4,4
7,Miami Dolphins,Atlanta Falcons,10/24/21,7,14
7,New York Giants,Carolina Panthers,10/24/21,7,7
7,Baltimore Ravens,Cincinnati Bengals,10/24/21,7,7
7,Green Bay Packers,Washington Football Team,10/24/21,7,7
7,Tennessee Titans,Kansas City Chiefs,10/24/21,6,7
7,New England Patriots,New York Jets,10/24/21,7,14
7,Los Angeles Rams,Detroit Lions,10/24/21,7,7
7,Las Vegas Raiders,Philadelphia Eagles,10/24/21,7,10
7,Tampa Bay Buccaneers,Chicago Bears,10/24/21,10,7
7,Arizona Cardinals,Houston Texans,10/24/21,7,7
7,San Francisco 49ers,Indianapolis Colts,10/24/21,14,7
7,Seattle Seahawks,New Orleans Saints,10/25/21,8,15
8,Arizona Cardinals,Green Bay Packers,10/28/21,4,4
8,Atlanta Falcons,Carolina Panthers,10/31/21,7,7
8,Buffalo Bills,Miami Dolphins,10/31/21,13,7
8,Chicago Bears,San Francisco 49ers,10/31/21,7,7
8,New York Jets,Cincinnati Bengals,10/31/21,7,7
8,Cleveland Browns,Pittsburgh Steelers,10/31/21,10,14
8,Indianapolis Colts,Tennessee Titans,10/31/21,7,7
8,Detroit Lions,Philadelphia Eagles,10/31/21,7,7
8,Houston Texans,Los Angeles Rams,10/31/21,7,7
8,Seattle Seahawks,Jacksonville Jaguars,10/31/21,6,14
8,Los Angeles Chargers,New England Patriots,10/31/21,14,7
8,New Orleans Saints,Tampa Bay Buccaneers,10/31/21,6,7
8,Denver Broncos,Washington Football Team,10/31/21,10,7
8,Minnesota Vikings,Dallas Cowboys,10/31/21,14,14
8,Kansas City Chiefs,New York Giants,11/1/21,8,8
9,Indianapolis Colts,New York Jets,11/4/21,4,4
9,New Orleans Saints,Atlanta Falcons,11/7/21,7,7
9,Jacksonville Jaguars,Buffalo Bills,11/7/21,7,7
9,Dallas Cowboys,Denver Broncos,11/7/21,7,7
9,Baltimore Ravens,Minnesota Vikings,11/7/21,14,7
9,Carolina Panthers,New England Patriots,11/7/21,7,7
9,Cincinnati Bengals,Cleveland Browns,11/7/21,7,7
9,Miami Dolphins,Houston Texans,11/7/21,7,7
9,New York Giants,Las Vegas Raiders,11/7/21,6,14
9,Philadelphia Eagles,Los Angeles Chargers,11/7/21,7,7
9,San Francisco 49ers,Arizona Cardinals,11/7/21,7,10
9,Kansas City Chiefs,Green Bay Packers,11/7/21,6,10
9,Los Angeles Rams,Tennessee Titans,11/7/21,7,7
9,Pittsburgh Steelers,Chicago Bears,11/8/21,8,8
10,Miami Dolphins,Baltimore Ravens,11/11/21,4,4
10,Dallas Cowboys,Atlanta Falcons,11/14/21,7,7
10,New York Jets,Buffalo Bills,11/14/21,10,7
10,Pittsburgh Steelers,Detroit Lions,11/14/21,6,14
10,Tennessee Titans,New Orleans Saints,11/14/21,7,7
10,Washington Football Team,Tampa Bay Buccaneers,11/14/21,14,14
10,New England Patriots,Cleveland Browns,11/14/21,7,7
10,Indianapolis Colts,Jacksonville Jaguars,11/14/21,10,7
10,Los Angeles Chargers,Minnesota Vikings,11/14/21,7,7
10,Arizona Cardinals,Carolina Panthers,11/14/21,7,7
10,Denver Broncos,Philadelphia Eagles,11/14/21,7,7
10,Green Bay Packers,Seattle Seahawks,11/14/21,7,14
10,Las Vegas Raiders,Kansas City Chiefs,11/14/21,7,7
10,San Francisco 49ers,Los Angeles Rams,11/15/21,8,8
11,Atlanta Falcons,New England Patriots,11/18/21,4,4
11,Buffalo Bills,Indianapolis Colts,11/21/21,7,7
11,Chicago Bears,Baltimore Ravens,11/21/21,13,10
11,Tennessee Titans,Houston Texans,11/21/21,7,14
11,Jacksonville Jaguars,San Francisco 49ers,11/21/21,7,6
11,Philadelphia Eagles,New Orleans Saints,11/21/21,7,7
11,Carolina Panthers,Washington Football Team,11/21/21,7,7
11,Cleveland Browns,Detroit Lions,11/21/21,7,7
11,Minnesota Vikings,Green Bay Packers,11/21/21,7,7
11,New York Jets,Miami Dolphins,11/21/21,7,10
11,Las Vegas Raiders,Cincinnati Bengals,11/21/21,7,14
11,Kansas City Chiefs,Dallas Cowboys,11/21/21,7,7
11,Seattle Seahawks,Arizona Cardinals,11/21/21,7,7
11,Los Angeles Chargers,Pittsburgh Steelers,11/21/21,7,7
11,Tampa Bay Buccaneers,New York Giants,11/22/21,8,15
12,Detroit Lions,Chicago Bears,11/25/21,4,4
12,Dallas Cowboys,Las Vegas Raiders,11/25/21,4,4
12,New Orleans Saints,Buffalo Bills,11/25/21,4,4
12,Jacksonville Jaguars,Atlanta Falcons,11/28/21,7,10
12,Cincinnati Bengals,Pittsburgh Steelers,11/28/21,7,7
12,Houston Texans,New York Jets,11/28/21,7,7
12,New York Giants,Philadelphia Eagles,11/28/21,6,7
12,Miami Dolphins,Carolina Panthers,11/28/21,7,7
12,Indianapolis Colts,Tampa Bay Buccaneers,11/28/21,7,6
12,New England Patriots,Tennessee Titans,11/28/21,10,7
12,Denver Broncos,Los Angeles Chargers,11/28/21,14,7
12,San Francisco 49ers,Minnesota Vikings,11/28/21,7,7
12,Green Bay Packers,Los Angeles Rams,11/28/21,7,13
12,Baltimore Ravens,Cleveland Browns,11/28/21,7,7
12,Washington Football Team,Seattle Seahawks,11/29/21,8,8
13,New Orleans Saints,Dallas Cowboys,12/2/21,7,7
13,Atlanta Falcons,Tampa Bay Buccaneers,12/5/21,7,7
13,Chicago Bears,Arizona Cardinals,12/5/21,10,14
13,Cincinnati Bengals,Los Angeles Chargers,12/5/21,7,7
13,Detroit Lions,Minnesota Vikings,12/5/21,10,7
13,New York Jets,Philadelphia Eagles,12/5/21,7,7
13,Houston Texans,Indianapolis Colts,12/5/21,7,7
13,Miami Dolphins,New York Giants,12/5/21,7,7
13,Seattle Seahawks,San Francisco 49ers,12/5/21,6,7
13,Las Vegas Raiders,Washington Football Team,12/5/21,10,6
13,Los Angeles Rams,Jacksonville Jaguars,12/5/21,7,7
13,Pittsburgh Steelers,Baltimore Ravens,12/5/21,7,7
13,Kansas City Chiefs,Denver Broncos,12/5/21,14,7
13,Buffalo Bills,New England Patriots,12/6/21,11,8
14,Minnesota Vikings,Pittsburgh Steelers,12/9/21,4,4
14,Carolina Panthers,Atlanta Falcons,12/12/21,14,7
14,Cincinnati Bengals,San Francisco 49ers,12/12/21,7,7
14,Cleveland Browns,Baltimore Ravens,12/12/21,14,7
14,Washington Football Team,Dallas Cowboys,12/12/21,7,10
14,Houston Texans,Seattle Seahawks,12/12/21,7,7
14,Tennessee Titans,Jacksonville Jaguars,12/12/21,14,7
14,Kansas City Chiefs,Las Vegas Raiders,12/12/21,7,7
14,New York Jets,New Orleans Saints,12/12/21,7,10
14,Denver Broncos,Detroit Lions,12/12/21,7,7
14,Los Angeles Chargers,New York Giants,12/12/21,7,7
14,Tampa Bay Buccaneers,Buffalo Bills,12/12/21,7,6
14,Green Bay Packers,Chicago Bears,12/12/21,14,7
14,Arizona Cardinals,Los Angeles Rams,12/13/21,8,8
15,Los Angeles Chargers,Kansas City Chiefs,12/16/21,4,4
15,Indianapolis Colts,New England Patriots,12/18/21,13,12
15,Buffalo Bills,Carolina Panthers,12/19/21,7,7
15,Detroit Lions,Arizona Cardinals,12/19/21,7,6
15,New York Giants,Dallas Cowboys,12/19/21,7,7
15,Baltimore Ravens,Green Bay Packers,12/19/21,7,7
15,Jacksonville Jaguars,Houston Texans,12/19/21,7,7
15,Miami Dolphins,New York Jets,12/19/21,14,7
15,Pittsburgh Steelers,Tennessee Titans,12/19/21,10,7
15,San Francisco 49ers,Atlanta Falcons,12/19/21,7,7
15,Denver Broncos,Cincinnati Bengals,12/19/21,7,7
15,Tampa Bay Buccaneers,New Orleans Saints,12/19/21,7,7
15,Cleveland Browns,Las Vegas Raiders,12/20/21,8,8
15,Chicago Bears,Minnesota Vikings,12/20/21,8,11
15,Philadelphia Eagles,Washington Football Team,12/21/21,16,9
15,Los Angeles Rams,Seattle Seahawks,12/21/21,8,9
16,Tennessee Titans,San Francisco 49ers,12/23/21,4,4
16,Green Bay Packers,Cleveland Browns,12/25/21,6,5
16,Arizona Cardinals,Indianapolis Colts,12/25/21,6,7
16,Atlanta Falcons,Detroit Lions,12/26/21,7,7
16,New England Patriots,Buffalo Bills,12/26/21,8,7
16,Carolina Panthers,Tampa Bay Buccaneers,12/26/21,7,7
16,Cincinnati Bengals,Baltimore Ravens,12/26/21,7,7
16,Houston Texans,Los Angeles Chargers,12/26/21,7,10
16,New York Jets,Jacksonville Jaguars,12/26/21,7,7
16,Minnesota Vikings,Los Angeles Rams,12/26/21,6,5
16,Philadelphia Eagles,New York Giants,12/26/21,5,7
16,Seattle Seahawks,Chicago Bears,12/26/21,5,6
16,Las Vegas Raiders,Denver Broncos,12/26/21,6,7
16,Kansas City Chiefs,Pittsburgh Steelers,12/26/21,10,7
16,Dallas Cowboys,Washington Football Team,12/26/21,7,5
16,New Orleans Saints,Miami Dolphins,12/27/21,8,8
17,Buffalo Bills,Atlanta Falcons,1/2/22,7,7
17,New Orleans Saints,Carolina Panthers,1/2/22,6,7
17,Chicago Bears,New York Giants,1/2/22,7,7
17,Cincinnati Bengals,Kansas City Chiefs,1/2/22,7,7
17,Indianapolis Colts,Las Vegas Raiders,1/2/22,8,7
17,Dallas Cowboys,Arizona Cardinals,1/2/22,7,8
17,New England Patriots,Jacksonville Jaguars,1/2/22,7,7
17,Tennessee Titans,Miami Dolphins,1/2/22,10,6
17,New York Jets,Tampa Bay Buccaneers,1/2/22,7,7
17,Washington Football Team,Philadelphia Eagles,1/2/22,7,7
17,Los Angeles Chargers,Denver Broncos,1/2/22,7,7
17,San Francisco 49ers,Houston Texans,1/2/22,10,7
17,Seattle Seahawks,Detroit Lions,1/2/22,7,7
17,Baltimore Ravens,Los Angeles Rams,1/2/22,7,7
17,Green Bay Packers,Minnesota Vikings,1/2/22,8,7
17,Pittsburgh Steelers,Cleveland Browns,1/3/22,8,9
18,Denver Broncos,Kansas City Chiefs,1/8/22,6,6
18,Philadelphia Eagles,Dallas Cowboys,1/8/22,6,6
18,Atlanta Falcons,New Orleans Saints,1/9/22,7,7
18,Buffalo Bills,New York Jets,1/9/22,7,7
18,Tampa Bay Buccaneers,Carolina Panthers,1/9/22,7,7
18,Minnesota Vikings,Chicago Bears,1/9/22,7,7
18,Cleveland Browns,Cincinnati Bengals,1/9/22,6,7
18,Jacksonville Jaguars,Indianapolis Colts,1/9/22,7,7
18,Detroit Lions,Green Bay Packers,1/9/22,7,7
18,Houston Texans,Tennessee Titans,1/9/22,7,7
18,Miami Dolphins,New England Patriots,1/9/22,7,7
18,New York Giants,Washington Football Team,1/9/22,7,7
18,Baltimore Ravens,Pittsburgh Steelers,1/9/22,7,6
18,Arizona Cardinals,Seattle Seahawks,1/9/22,7,7
18,Los Angeles Rams,San Francisco 49ers,1/9/22,7,7
18,Las Vegas Raiders,Los Angeles Chargers,1/9/22,7,7
WildCard,Cincinnati Bengals,Las Vegas Raiders,1/15/22,6,6
WildCard,Buffalo Bills,New England Patriots,1/15/22,6,6
WildCard,Tampa Bay Buccaneers,Philadelphia Eagles,1/16/22,7,8
WildCard,Dallas Cowboys,San Francisco 49ers,1/16/22,8,7
WildCard,Kansas City Chiefs,Pittsburgh Steelers,1/16/22,8,7
WildCard,Los Angeles Rams,Arizona Cardinals,1/17/22,8,8
Division,Tennessee Titans,Cincinnati Bengals,1/22/22,13,7
Division,Green Bay Packers,San Francisco 49ers,1/22/22,13,6
Division,Tampa Bay Buccaneers,Los Angeles Rams,1/23/22,7,6
Division,Kansas City Chiefs,Buffalo Bills,1/23/22,7,8
ConfChamp,Kansas City Chiefs,Cincinnati Bengals,1/30/22,7,8
ConfChamp,Los Angeles Rams,San Francisco 49ers,1/30/22,7,8
SuperBowl,Los Angeles Rams,Cincinnati Bengals,2/13/22,14,14
1,Los Angeles Rams,Buffalo Bills,9/8/22,0,0
1,Atlanta Falcons,New Orleans Saints,9/11/22,0,0
1,Carolina Panthers,Cleveland Browns,9/11/22,0,0
1,Chicago Bears,San Francisco 49ers,9/11/22,0,0
1,Cincinnati Bengals,Pittsburgh Steelers,9/11/22,0,0
1,Houston Texans,Indianapolis Colts,9/11/22,0,0
1,Detroit Lions,Philadelphia Eagles,9/11/22,0,0
1,Washington Commanders,Jacksonville Jaguars,9/11/22,0,0
1,Miami Dolphins,New England Patriots,9/11/22,0,0
1,New York Jets,Baltimore Ravens,9/11/22,0,0
1,Arizona Cardinals,Kansas City Chiefs,9/11/22,0,0
1,Minnesota Vikings,Green Bay Packers,9/11/22,0,0
1,Tennessee Titans,New York Giants,9/11/22,0,0
1,Los Angeles Chargers,Las Vegas Raiders,9/11/22,0,0
1,Dallas Cowboys,Tampa Bay Buccaneers,9/11/22,0,0
1,Seattle Seahawks,Denver Broncos,9/12/22,0,0
2,Kansas City Chiefs,Los Angeles Chargers,9/15/22,4,4
2,New York Giants,Carolina Panthers,9/18/22,7,7
2,Cleveland Browns,New York Jets,9/18/22,7,7
2,Jacksonville Jaguars,Indianapolis Colts,9/18/22,7,7
2,Detroit Lions,Washington Commanders,9/18/22,7,7
2,Baltimore Ravens,Miami Dolphins,9/18/22,7,7
2,New Orleans Saints,Tampa Bay Buccaneers,9/18/22,7,7
2,Pittsburgh Steelers,New England Patriots,9/18/22,7,7
2,Los Angeles Rams,Atlanta Falcons,9/18/22,10,7
2,San Francisco 49ers,Seattle Seahawks,9/18/22,7,6
2,Dallas Cowboys,Cincinnati Bengals,9/18/22,7,7
2,Las Vegas Raiders,Arizona Cardinals,9/18/22,7,7
2,Denver Broncos,Houston Texans,9/18/22,6,7
2,Green Bay Packers,Chicago Bears,9/18/22,7,7
2,Buffalo Bills,Tennessee Titans,9/19/22,11,8
2,Philadelphia Eagles,Minnesota Vikings,9/19/22,8,8
3,Cleveland Browns,Pittsburgh Steelers,9/22/22,4,4
3,Miami Dolphins,Buffalo Bills,9/25/22,7,6
3,Carolina Panthers,New Orleans Saints,9/25/22,7,7
3,Chicago Bears,Houston Texans,9/25/22,7,7
3,New York Jets,Cincinnati Bengals,9/25/22,7,7
3,Indianapolis Colts,Kansas City Chiefs,9/25/22,7,10
3,Minnesota Vikings,Detroit Lions,9/25/22,6,7
3,New England Patriots,Baltimore Ravens,9/25/22,7,7
3,Tennessee Titans,Las Vegas Raiders,9/25/22,6,7
3,Washington Commanders,Philadelphia Eagles,9/25/22,7,6
3,Los Angeles Chargers,Jacksonville Jaguars,9/25/22,10,7
3,Seattle Seahawks,Atlanta Falcons,9/25/22,7,7
3,Arizona Cardinals,Los Angeles Rams,9/25/22,7,7
3,Tampa Bay Buccaneers,Green Bay Packers,9/25/22,7,7
3,Denver Broncos,San Francisco 49ers,9/25/22,7,7
3,New York Giants,Dallas Cowboys,9/26/22,8,8
4,Cincinnati Bengals,Miami Dolphins,9/29/22,4,4
4,New Orleans Saints,Minnesota Vikings,10/2/22,7,7
4,Atlanta Falcons,Cleveland Browns,10/2/22,7,10
4,Baltimore Ravens,Buffalo Bills,10/2/22,7,7
4,New York Giants,Chicago Bears,10/2/22,6,7
4,Indianapolis Colts,Tennessee Titans,10/2/22,7,7
4,Dallas Cowboys,Washington Commanders,10/2/22,6,7
4,Detroit Lions,Seattle Seahawks,10/2/22,7,7
4,Houston Texans,Los Angeles Chargers,10/2/22,7,7
4,Philadelphia Eagles,Jacksonville Jaguars,10/2/22,7,7
4,Pittsburgh Steelers,New York Jets,10/2/22,10,7
4,Carolina Panthers,Arizona Cardinals,10/2/22,7,7
4,Las Vegas Raiders,Denver Broncos,10/2/22,7,7
4,Green Bay Packers,New England Patriots,10/2/22,7,7
4,Tampa Bay Buccaneers,Kansas City Chiefs,10/2/22,7,7
4,San Francisco 49ers,Los Angeles Rams,10/3/22,8,8
5,Denver Broncos,Indianapolis Colts,10/6/22,4,4
5,Green Bay Packers,New York Giants,10/9/22,7,7
5,Tampa Bay Buccaneers,Atlanta Falcons,10/9/22,7,7
5,Buffalo Bills,Pittsburgh Steelers,10/9/22,7,7
5,Minnesota Vikings,Chicago Bears,10/9/22,7,7
5,Cleveland Browns,Los Angeles Chargers,10/9/22,7,7
5,New England Patriots,Detroit Lions,10/9/22,7,7
5,Jacksonville Jaguars,Houston Texans,10/9/22,7,7
5,New York Jets,Miami Dolphins,10/9/22,7,10
5,New Orleans Saints,Seattle Seahawks,10/9/22,7,7
5,Washington Commanders,Tennessee Titans,10/9/22,7,7
5,Carolina Panthers,San Francisco 49ers,10/9/22,7,6
5,Arizona Cardinals,Philadelphia Eagles,10/9/22,7,7
5,Los Angeles Rams,Dallas Cowboys,10/9/22,6,7
5,Baltimore Ravens,Cincinnati Bengals,10/9/22,7,10
5,Kansas City Chiefs,Las Vegas Raiders,10/10/22,8,8
6,Chicago Bears,Washington Commanders,10/13/22,4,4
6,Atlanta Falcons,San Francisco 49ers,10/16/22,7,7
6,New Orleans Saints,Cincinnati Bengals,10/16/22,7,7
6,Cleveland Browns,New England Patriots,10/16/22,7,7
6,Indianapolis Colts,Jacksonville Jaguars,10/16/22,10,7
6,Green Bay Packers,New York Jets,10/16/22,7,7
6,Miami Dolphins,Minnesota Vikings,10/16/22,7,7
6,New York Giants,Baltimore Ravens,10/16/22,7,7
6,Pittsburgh Steelers,Tampa Bay Buccaneers,10/16/22,7,7
6,Los Angeles Rams,Carolina Panthers,10/16/22,7,7
6,Seattle Seahawks,Arizona Cardinals,10/16/22,7,7
6,Kansas City Chiefs,Buffalo Bills,10/16/22,6,7
6,Philadelphia Eagles,Dallas Cowboys,10/16/22,7,7
6,Los Angeles Chargers,Denver Broncos,10/17/22,8,11
7,Arizona Cardinals,New Orleans Saints,10/20/22,4,4
7,Cincinnati Bengals,Atlanta Falcons,10/23/22,7,7
7,Carolina Panthers,Tampa Bay Buccaneers,10/23/22,7,7
7,Baltimore Ravens,Cleveland Browns,10/23/22,7,7
7,Tennessee Titans,Indianapolis Colts,10/23/22,14,7
7,Dallas Cowboys,Detroit Lions,10/23/22,7,14
7,Washington Commanders,Green Bay Packers,10/23/22,10,7
7,Jacksonville Jaguars,New York Giants,10/23/22,7,7
7,Las Vegas Raiders,Houston Texans,10/23/22,13,14
7,Denver Broncos,New York Jets,10/23/22,6,7
7,San Francisco 49ers,Kansas City Chiefs,10/23/22,7,7
7,Los Angeles Chargers,Seattle Seahawks,10/23/22,6,7
7,Miami Dolphins,Pittsburgh Steelers,10/23/22,7,7
7,New England Patriots,Chicago Bears,10/24/22,8,11
8,Tampa Bay Buccaneers,Baltimore Ravens,10/27/22,4,4
8,Jacksonville Jaguars,Denver Broncos,10/30/22,7,7
8,Detroit Lions,Miami Dolphins,10/30/22,7,7
8,Philadelphia Eagles,Pittsburgh Steelers,10/30/22,14,7
8,Atlanta Falcons,Carolina Panthers,10/30/22,7,7
8,Dallas Cowboys,Chicago Bears,10/30/22,7,6
8,Minnesota Vikings,Arizona Cardinals,10/30/22,14,10
8,New Orleans Saints,Las Vegas Raiders,10/30/22,10,7
8,New York Jets,New England Patriots,10/30/22,7,6
8,Houston Texans,Tennessee Titans,10/30/22,7,7
8,Los Angeles Rams,San Francisco 49ers,10/30/22,14,7
8,Indianapolis Colts,Washington Commanders,10/30/22,7,7
8,Seattle Seahawks,New York Giants,10/30/22,7,7
8,Buffalo Bills,Green Bay Packers,10/30/22,14,7
8,Cleveland Browns,Cincinnati Bengals,10/31/22,8,8
9,Houston Texans,Philadelphia Eagles,11/3/22,4,4
9,New York Jets,Buffalo Bills,11/6/22,7,7
9,Detroit Lions,Green Bay Packers,11/6/22,7,7
9,Washington Commanders,Minnesota Vikings,11/6/22,7,7
9,Atlanta Falcons,Los Angeles Chargers,11/6/22,7,14
9,Cincinnati Bengals,Carolina Panthers,11/6/22,6,7
9,Chicago Bears,Miami Dolphins,11/6/22,7,7
9,New England Patriots,Indianapolis Colts,11/6/22,7,7
9,Jacksonville Jaguars,Las Vegas Raiders,11/6/22,7,7
9,Arizona Cardinals,Seattle Seahawks,11/6/22,7,7
9,Tampa Bay Buccaneers,Los Angeles Rams,11/6/22,10,7
9,Kansas City Chiefs,Tennessee Titans,11/6/22,14,7
9,New Orleans Saints,Baltimore Ravens,11/7/22,8,11
10,Carolina Panthers,Atlanta Falcons,11/10/22,4,4
10,Tampa Bay Buccaneers,Seattle Seahawks,11/13/22,7,7
10,Buffalo Bills,Minnesota Vikings,11/13/22,7,7
10,Miami Dolphins,Cleveland Browns,11/13/22,7,13
10,Tennessee Titans,Denver Broncos,11/13/22,7,14
10,New York Giants,Houston Texans,11/13/22,14,10
10,Chicago Bears,Detroit Lions,11/13/22,7,7
10,Kansas City Chiefs,Jacksonville Jaguars,11/13/22,7,7
10,Pittsburgh Steelers,New Orleans Saints,11/13/22,14,6
10,Las Vegas Raiders,Indianapolis Colts,11/13/22,7,7
10,Green Bay Packers,Dallas Cowboys,11/13/22,7,14
10,Los Angeles Rams,Arizona Cardinals,11/13/22,7,7
10,San Francisco 49ers,Los Angeles Chargers,11/13/22,14,7
10,Philadelphia Eagles,Washington Commanders,11/14/22,11,8
11,Green Bay Packers,Tennessee Titans,11/17/22,4,4
11,Buffalo Bills,Cleveland Browns,11/20/22,7,7
11,New York Giants,Detroit Lions,11/20/22,7,7
11,Houston Texans,Washington Commanders,11/20/22,7,6
11,New England Patriots,New York Jets,11/20/22,14,14
11,Atlanta Falcons,Chicago Bears,11/20/22,10,7
11,Baltimore Ravens,Carolina Panthers,11/20/22,13,10
11,Indianapolis Colts,Philadelphia Eagles,11/20/22,7,6
11,New Orleans Saints,Los Angeles Rams,11/20/22,7,7
11,Denver Broncos,Las Vegas Raiders,11/20/22,7,7
11,Pittsburgh Steelers,Cincinnati Bengals,11/20/22,7,14
11,Minnesota Vikings,Dallas Cowboys,11/20/22,7,7
11,Los Angeles Chargers,Kansas City Chiefs,11/20/22,7,7
11,Arizona Cardinals,San Francisco 49ers,11/21/22,8,8
12,Detroit Lions,Buffalo Bills,11/24/22,4,4
12,Dallas Cowboys,New York Giants,11/24/22,4,4
12,Minnesota Vikings,New England Patriots,11/24/22,4,4
12,Tennessee Titans,Cincinnati Bengals,11/27/22,10,7
12,Cleveland Browns,Tampa Bay Buccaneers,11/27/22,7,14
12,Miami Dolphins,Houston Texans,11/27/22,14,7
12,Jacksonville Jaguars,Baltimore Ravens,11/27/22,14,7
12,Washington Commanders,Atlanta Falcons,11/27/22,7,7
12,Carolina Panthers,Denver Broncos,11/27/22,7,7
12,New York Jets,Chicago Bears,11/27/22,7,7
12,Seattle Seahawks,Las Vegas Raiders,11/27/22,14,7
12,Arizona Cardinals,Los Angeles Chargers,11/27/22,6,7
12,Kansas City Chiefs,Los Angeles Rams,11/27/22,7,7
12,San Francisco 49ers,New Orleans Saints,11/27/22,6,7
12,Philadelphia Eagles,Green Bay Packers,11/27/22,7,10
12,Indianapolis Colts,Pittsburgh Steelers,11/28/22,8,8
13,New England Patriots,Buffalo Bills,12/1/22,7,7
13,Houston Texans,Cleveland Browns,12/4/22,7,7
13,Baltimore Ravens,Denver Broncos,12/4/22,7,7
13,Detroit Lions,Jacksonville Jaguars,12/4/22,10,7
13,Minnesota Vikings,New York Jets,12/4/22,10,7
13,New York Giants,Washington Commanders,12/4/22,10,7
13,Philadelphia Eagles,Tennessee Titans,12/4/22,7,7
13,Atlanta Falcons,Pittsburgh Steelers,12/4/22,7,6
13,Chicago Bears,Green Bay Packers,12/4/22,7,7
13,San Francisco 49ers,Miami Dolphins,12/4/22,7,7
13,Los Angeles Rams,Seattle Seahawks,12/4/22,7,7
13,Cincinnati Bengals,Kansas City Chiefs,12/4/22,7,7
13,Las Vegas Raiders,Los Angeles Chargers,12/4/22,7,7
13,Dallas Cowboys,Indianapolis Colts,12/4/22,10,6
13,Tampa Bay Buccaneers,New Orleans Saints,12/5/22,8,8
14,Los Angeles Rams,Las Vegas Raiders,12/8/22,4,4
14,Buffalo Bills,New York Jets,12/11/22,10,7
14,Cincinnati Bengals,Cleveland Browns,12/11/22,7,7
14,Dallas Cowboys,Houston Texans,12/11/22,7,7
14,Detroit Lions,Minnesota Vikings,12/11/22,7,7
14,Tennessee Titans,Jacksonville Jaguars,12/11/22,7,7
14,New York Giants,Philadelphia Eagles,12/11/22,7,7
14,Pittsburgh Steelers,Baltimore Ravens,12/11/22,7,7
14,Denver Broncos,Kansas City Chiefs,12/11/22,7,7
14,Seattle Seahawks,Carolina Panthers,12/11/22,7,14
14,San Francisco 49ers,Tampa Bay Buccaneers,12/11/22,7,6
14,Los Angeles Chargers,Miami Dolphins,12/11/22,7,7
14,Arizona Cardinals,New England Patriots,12/12/22,15,11
15,Seattle Seahawks,San Francisco 49ers,12/15/22,4,4
15,Minnesota Vikings,Indianapolis Colts,12/17/22,6,13
15,Cleveland Browns,Baltimore Ravens,12/17/22,6,6
15,Buffalo Bills,Miami Dolphins,12/17/22,6,6
15,New Orleans Saints,Atlanta Falcons,12/18/22,13,14
15,Carolina Panthers,Pittsburgh Steelers,12/18/22,7,7
15,Chicago Bears,Philadelphia Eagles,12/18/22,14,7
15,Jacksonville Jaguars,Dallas Cowboys,12/18/22,7,7
15,New York Jets,Detroit Lions,12/18/22,7,7
15,Houston Texans,Kansas City Chiefs,12/18/22,7,7
15,Denver Broncos,Arizona Cardinals,12/18/22,7,6
15,Tampa Bay Buccaneers,Cincinnati Bengals,12/18/22,7,7
15,Los Angeles Chargers,Tennessee Titans,12/18/22,7,7
15,Washington Commanders,New York Giants,12/18/22,14,7
15,Las Vegas Raiders,New England Patriots,12/18/22,10,6
15,Green Bay Packers,Los Angeles Rams,12/19/22,15,11
16,New York Jets,Jacksonville Jaguars,12/22/22,4,4
16,Baltimore Ravens,Atlanta Falcons,12/24/22,7,6
16,Chicago Bears,Buffalo Bills,12/24/22,6,7
16,Carolina Panthers,Detroit Lions,12/24/22,6,6
16,New England Patriots,Cincinnati Bengals,12/24/22,6,6
16,Cleveland Browns,New Orleans Saints,12/24/22,7,6
16,Tennessee Titans,Houston Texans,12/24/22,6,6
16,Kansas City Chiefs,Seattle Seahawks,12/24/22,6,9
16,Minnesota Vikings,New York Giants,12/24/22,7,6
16,San Francisco 49ers,Washington Commanders,12/24/22,9,6
16,Dallas Cowboys,Philadelphia Eagles,12/24/22,6,6
16,Pittsburgh Steelers,Las Vegas Raiders,12/24/22,6,6
16,Miami Dolphins,Green Bay Packers,12/25/22,8,6
16,Los Angeles Rams,Denver Broncos,12/25/22,6,7
16,Arizona Cardinals,Tampa Bay Buccaneers,12/25/22,7,7
16,Indianapolis Colts,Los Angeles Chargers,12/26/22,9,8
17,Tennessee Titans,Dallas Cowboys,12/29/22,5,5
17,Atlanta Falcons,Arizona Cardinals,1/1/23,8,7
17,Tampa Bay Buccaneers,Carolina Panthers,1/1/23,7,8
17,Detroit Lions,Chicago Bears,1/1/23,8,8
17,Washington Commanders,Cleveland Browns,1/1/23,8,8
17,New York Giants,Indianapolis Colts,1/1/23,8,6
17,Kansas City Chiefs,Denver Broncos,1/1/23,8,7
17,Houston Texans,Jacksonville Jaguars,1/1/23,8,10
17,New England Patriots,Miami Dolphins,1/1/23,8,7
17,Philadelphia Eagles,New Orleans Saints,1/1/23,8,8
17,Baltimore Ravens,Pittsburgh Steelers,1/1/23,8,8
17,Seattle Seahawks,New York Jets,1/1/23,8,10
17,Las Vegas Raiders,San Francisco 49ers,1/1/23,8,8
17,Green Bay Packers,Minnesota Vikings,1/1/23,7,8
17,Los Angeles Chargers,Los Angeles Rams,1/1/23,6,7
18,Las Vegas Raiders,Kansas City Chiefs,1/7/23,6,6
18,Jacksonville Jaguars,Tennessee Titans,1/7/23,6,9
18,Buffalo Bills,New England Patriots,1/8/23,15,7
18,Cincinnati Bengals,Baltimore Ravens,1/8/23,15,7
18,Atlanta Falcons,Tampa Bay Buccaneers,1/8/23,7,7
18,New Orleans Saints,Carolina Panthers,1/8/23,7,7
18,Chicago Bears,Minnesota Vikings,1/8/23,7,7
18,Pittsburgh Steelers,Cleveland Browns,1/8/23,7,7
18,Indianapolis Colts,Houston Texans,1/8/23,7,7
18,Miami Dolphins,New York Jets,1/8/23,7,7
18,San Francisco 49ers,Arizona Cardinals,1/8/23,7,7
18,Washington Commanders,Dallas Cowboys,1/8/23,7,10
18,Denver Broncos,Los Angeles Chargers,1/8/23,7,7
18,Philadelphia Eagles,New York Giants,1/8/23,7,7
18,Seattle Seahawks,Los Angeles Rams,1/8/23,7,7
18,Green Bay Packers,Detroit Lions,1/8/23,7,7
WildCard,San Francisco 49ers,Seattle Seahawks,1/14/23,6,6
WildCard,Jacksonville Jaguars,Los Angeles Chargers,1/14/23,7,6
WildCard,Buffalo Bills,Miami Dolphins,1/15/23,7,7
WildCard,Minnesota Vikings,New York Giants,1/15/23,7,7
WildCard,Cincinnati Bengals,Baltimore Ravens,1/15/23,7,7
WildCard,Tampa Bay Buccaneers,Dallas Cowboys,1/16/23,8,8
Division,Kansas City Chiefs,Jacksonville Jaguars,1/21/23,14,7
Division,Philadelphia Eagles,New York Giants,1/21/23,13,6
Division,Buffalo Bills,Cincinnati Bengals,1/22/23,7,7
Division,San Francisco 49ers,Dallas Cowboys,1/22/23,8,6
ConfChamp,Philadelphia Eagles,San Francisco 49ers,1/29/23,8,7
ConfChamp,Kansas City Chiefs,Cincinnati Bengals,1/29/23,8,7
SuperBowl,Philadelphia Eagles,Kansas City Chiefs,2/12/23,14,14