connector,player_id,game_id,home_team,away_team,season_type,week,posteam,posteam_type,defteam,side_of_field,yardline_100,game_date,quarter_seconds_remaining,half_seconds_remaining,game_seconds_remaining,game_half,qtr,down,yrdln,ydstogo,desc,injured_first_name,injured_last_name,injured_team,injured_player_num,Contact/ non-contact,injury area,player role,season...30,team,position,depth_chart_position,jersey_number,status,full_name,first_name,last_name,birth_date,height,weight,college,years_exp,game_type,football_name,smart_id,entry_year,day,date,time,winner.tie,loser.tie,pts_w,pts_l,yds_w,tov_w,yds_l,tov_l,season...60,loser_is_home,Home_Team,Away_Team,Home_abbr,Away_abbr,num_injuries,num_plays,surface,surface_type,stadium,dome,Avg_Temp,Avg_Feels_Like,Avg_Wind_MPH,Avg_Humidity_Percent,Avg_Percipitation_Prob_Percent,Home_latitude,Home_longitude,Away_latitude,Away_longitude,distance_miles,HOME_day_since_last_game,AWAY_day_since_last_game
2019_01_DEN_OAK_James,2019_DEN_70_James,2019_01_DEN_OAK,LV,DEN,REG,1,DEN,away,LV,LV,31,43717,844,844,2644,Half1,2,1,LV 31,10,"(14:04) 30-P.Lindsay left tackle to OAK 27 for 4 yards (24-J.Abram). DEN-70-J.James was injured during the play. His return is Questionable. PENALTY on DEN-65-R.Leary, Offensive Holding, 10 yards, enforced at OAK 31 - No Play.",J,James,DEN,70,contact,knee,pass blocker,2019,DEN,OL,OT,70,Active,Ja'Wuan James,Ja'Wuan,James,6/3/92,78,312,Tennessee,5,REG,Ja'Wuan,32004a41-4d21-8029-cd5c-4a092b767472,2014,Mon,9/9/19,22:20:00,Oakland Raiders,Denver Broncos,24,16,357,0,344,0,2019,FALSE,Oakland Raiders,Denver Broncos,LV,DEN,3,161,Bermuda Grass,Grass,Oakland Coliseum,FALSE,61.75,61.75,8.5,72.75,0,37.7567,-122.1931,39.5791,-104.83,943.6575276,0,0
2019_01_DEN_LV_Sutton,2019_DEN_14_Sutton,2019_01_DEN_OAK,LV,DEN,REG,1,DEN,away,LV,DEN,51,43717,58,58,1858,Half1,2,1,DEN 49,10,"(:58) (No Huddle, Shotgun) 5-J.Flacco pass short middle to 28-R.Freeman to OAK 46 for 5 yards (55-V.Burfict). DEN-14-C.Sutton was injured during the play. His return is Questionable.",C,Sutton,DEN,14,contact,head/neck,pass reciever,2019,DEN,WR,WR,14,Active,Courtland Sutton,Courtland,Sutton,10/10/95,76,216,Southern Methodist,1,REG,Courtland,32005355-5433-3526-b2bf-88d6b83781c0,2018,Mon,9/9/19,22:20:00,Oakland Raiders,Denver Broncos,24,16,357,0,344,0,2019,FALSE,Oakland Raiders,Denver Broncos,LV,DEN,3,161,Bermuda Grass,Grass,Oakland Coliseum,FALSE,61.75,61.75,8.5,72.75,0,37.7567,-122.1931,39.5791,-104.83,943.6575276,0,0
2019_02_KC_LV_Burfict,2019_LV_55_Burfict,2019_02_KC_OAK,LV,KC,REG,2,KC,away,LV,LV,46,43723,822,1722,1722,Half2,3,3,LV 46,6,(13:42) (Shotgun) 15-P.Mahomes pass short right to 26-Dam.Williams ran ob at OAK 38 for 8 yards (55-V.Burfict). OAK-55-V.Burfict was injured during the play. His return is Questionable.,V,Burfict,LV,55,contact,lower body,tackler,2019,LV,LB,OLB,55,NA,Vontaze Burfict,Vontaze,Burfict,9/24/90,73,255,Arizona State,7,REG,Vontaze,32004255-5204-4491-1577-9f1b0b77d49e,2012,Sun,9/15/19,16:05:00,Kansas City Chiefs,Oakland Raiders,28,10,467,1,307,2,2019,TRUE,Oakland Raiders,Kansas City Chiefs,LV,KC,5,180,Bermuda Grass,Grass,Oakland Coliseum,FALSE,67.25,67.25,9.25,61.75,0,37.7567,-122.1931,39.0482,-94.4831,1497.333876,6,7
2019_02_KC_LV_Ferrell,2019_LV_96_Ferrell,2019_02_KC_OAK,LV,KC,REG,2,KC,away,LV,LV,17,43723,116,116,1916,Half1,2,2,LV 17,7,"(1:56) (Shotgun) 15-P.Mahomes pass short left to 26-Dam.Williams to OAK 14 for 3 yards (92-P.Hall). OAK-96-C.Ferrell was injured during the play. His return is Probable. PENALTY on KC-75-C.Erving, Illegal Block Above the Waist, 10 yards, enforced at OAK 17 - No Play.",C,Ferrell,LV,96,contact,head,pass rusher,2019,LV,DL,DE,96,Active,Clelin Ferrell,Clelin,Ferrell,5/17/97,76,265,Clemson,0,REG,Clelin,32004645-5255-8663-cd04-9e42913c7a38,2019,Sun,9/15/19,16:05:00,Kansas City Chiefs,Oakland Raiders,28,10,467,1,307,2,2019,TRUE,Oakland Raiders,Kansas City Chiefs,LV,KC,5,180,Bermuda Grass,Grass,Oakland Coliseum,FALSE,67.25,67.25,9.25,61.75,0,37.7567,-122.1931,39.0482,-94.4831,1497.333876,6,7
2019_02_KC_LV_Harris,2019_LV_17_Harris,2019_02_KC_OAK,LV,KC,REG,2,LV,home,KC,50,50,43723,224,224,2024,Half1,2,4,MID 50,5,"(3:44) 6-A.Cole punts 41 yards to KC 9, Center-47-T.Sieg. 84-D.Thomas to KC 22 for 13 yards (52-M.Lee). OAK-17-D.Harris was injured during the play. His return is Questionable. PENALTY on KC-44-D.O'Daniel, Illegal Block Above the Waist, 6 yards, enforced at KC 12.",D,Harris,LV,17,contact,lower body,punt team,2019,LV,WR,WR,17,NA,Dwayne Harris,Dwayne,Harris,9/16/87,70,215,East Carolina,8,REG,Dwayne,32004841-5237-6781-9ee7-8b96920da754,2011,Sun,9/15/19,16:05:00,Kansas City Chiefs,Oakland Raiders,28,10,467,1,307,2,2019,TRUE,Oakland Raiders,Kansas City Chiefs,LV,KC,5,180,Bermuda Grass,Grass,Oakland Coliseum,FALSE,67.25,67.25,9.25,61.75,0,37.7567,-122.1931,39.0482,-94.4831,1497.333876,6,7
2019_02_KC_LV_Hurst,2019_LV_73_Hurst,2019_02_KC_OAK,LV,KC,REG,2,KC,away,LV,LV,49,43723,25,925,2725,Half1,1,2,LV 49,2,"(:25) (Shotgun) 26-Dam.Williams right end to OAK 44 for 5 yards (73-M.Hurst, 20-D.Worley). OAK-73-M.Hurst was injured during the play. His return is Probable.",M,Hurst,LV,73,contact,lower body,tackler,2019,LV,DL,DT,73,Active,Maurice Hurst,Maurice,Hurst,5/9/95,73,291,Michigan,1,REG,Maurice,32004855-5250-1348-cfd2-5bfb51dbc5bb,2018,Sun,9/15/19,16:05:00,Kansas City Chiefs,Oakland Raiders,28,10,467,1,307,2,2019,TRUE,Oakland Raiders,Kansas City Chiefs,LV,KC,5,180,Bermuda Grass,Grass,Oakland Coliseum,FALSE,67.25,67.25,9.25,61.75,0,37.7567,-122.1931,39.0482,-94.4831,1497.333876,6,7
2019_02_KC_LV_Worley,2019_LV_20_Worley,2019_02_KC_OAK,LV,KC,REG,2,KC,away,LV,LV,32,43723,403,403,2203,Half1,2,1,LV 32,10,(6:43) (Shotgun) 15-P.Mahomes pass incomplete deep right to 81-B.Bell. OAK-20-D.Worley was injured during the play. His return is Probable.,D,Worley,LV,20,contact,upper body,tackler,2019,LV,DB,CB,20,Active,Daryl Worley,Daryl,Worley,2/22/95,73,215,West Virginia,3,REG,Daryl,3200574f-5261-6410-d895-940efbad622c,2016,Sun,9/15/19,16:05:00,Kansas City Chiefs,Oakland Raiders,28,10,467,1,307,2,2019,TRUE,Oakland Raiders,Kansas City Chiefs,LV,KC,5,180,Bermuda Grass,Grass,Oakland Coliseum,FALSE,67.25,67.25,9.25,61.75,0,37.7567,-122.1931,39.0482,-94.4831,1497.333876,6,7
2019_03_LV_MIN_Brown,2019_LV_77_Brown,2019_03_OAK_MIN,MIN,LV,REG,3,LV,away,MIN,MIN,38,43730,685,685,685,Half2,4,1,MIN 38,10,(11:25) (Shotgun) 28-J.Jacobs right guard to MIN 32 for 6 yards (97-E.Griffen). OAK-77-T.Brown was injured during the play.,T,Brown,LV,77,contact,lower body,run blcoker,2019,LV,OL,T,77,NA,Trent Brown,Trent,Brown,4/13/93,80,380,Florida,4,REG,Trent,32004252-4f73-9325-7786-18cc8995e060,2015,Sun,9/22/19,13:00:00,Minnesota Vikings,Oakland Raiders,34,14,385,0,302,1,2019,FALSE,Minnesota Vikings,Oakland Raiders,MIN,LV,5,159,UBU Sports Speed S5-M,Turf,U.S. Bank Stadium,TRUE,64.75,64.75,6,68.25,0,44.9746,-93.2598,37.7567,-122.1931,1571.306873,7,7
2019_03_LV_MIN_Burfict,2019_LV_55_Burfict,2019_03_OAK_MIN,MIN,LV,REG,3,MIN,home,LV,LV,5,43730,706,706,2506,Half1,2,2,LV 5,5,"(11:46) (Shotgun) 8-K.Cousins up the middle to OAK 1 for 4 yards (42-K.Joseph, 90-J.Hankins). OAK-55-V.Burfict was injured during the play.",V,Burfict,LV,55,contact,upper body/ elbow,tackler,2019,LV,LB,OLB,55,NA,Vontaze Burfict,Vontaze,Burfict,9/24/90,73,255,Arizona State,7,REG,Vontaze,32004255-5204-4491-1577-9f1b0b77d49e,2012,Sun,9/22/19,13:00:00,Minnesota Vikings,Oakland Raiders,34,14,385,0,302,1,2019,FALSE,Minnesota Vikings,Oakland Raiders,MIN,LV,5,159,UBU Sports Speed S5-M,Turf,U.S. Bank Stadium,TRUE,64.75,64.75,6,68.25,0,44.9746,-93.2598,37.7567,-122.1931,1571.306873,7,7
2019_03_LV_MIN_Hankins,2019_LV_90_Hankins,2019_03_OAK_MIN,MIN,LV,REG,3,MIN,home,LV,MIN,66,43730,407,407,2207,Half1,2,2,MIN 34,1,(6:47) 25-A.Mattison right tackle to MIN 39 for 5 yards (96-C.Ferrell; 50-N.Morrow). OAK-90-J.Hankins was injured during the play.,J,Hankins,LV,90,contact,upper body,tackler,2019,LV,DL,DT,90,Active,Johnathan Hankins,Johnathan,Hankins,3/30/92,75,340,Ohio State,6,REG,Johnathan,32004841-4e16-9902-788f-c9022e21f3ed,2013,Sun,9/22/19,13:00:00,Minnesota Vikings,Oakland Raiders,34,14,385,0,302,1,2019,FALSE,Minnesota Vikings,Oakland Raiders,MIN,LV,5,159,UBU Sports Speed S5-M,Turf,U.S. Bank Stadium,TRUE,64.75,64.75,6,68.25,0,44.9746,-93.2598,37.7567,-122.1931,1571.306873,7,7
2019_03_LV_MIN_Lee,2019_LV_52_Lee,2019_03_OAK_MIN,MIN,LV,REG,3,MIN,home,LV,MIN,60,43730,760,1660,3460,Half1,1,1,MIN 40,10,(12:40) 33-D.Cook left tackle to MIN 45 for 5 yards (90-J.Hankins). OAK-52-M.Lee was injured during the play.,M,Lee,LV,52,contact,lower body,tackler,2019,LV,LB,MLB,52,NA,Marquel Lee,Marquel,Lee,10/21/95,75,235,Wake Forest,2,REG,Marquel,32004c45-4546-8103-24b7-5d050182cb10,2017,Sun,9/22/19,13:00:00,Minnesota Vikings,Oakland Raiders,34,14,385,0,302,1,2019,FALSE,Minnesota Vikings,Oakland Raiders,MIN,LV,5,159,UBU Sports Speed S5-M,Turf,U.S. Bank Stadium,TRUE,64.75,64.75,6,68.25,0,44.9746,-93.2598,37.7567,-122.1931,1571.306873,7,7
2019_03_LV_MIN_Morrow,2019_LV_50_Morrow,2019_03_OAK_MIN,MIN,LV,REG,3,MIN,home,LV,MIN,88,43730,700,1600,1600,Half2,3,2,MIN 12,6,(11:40) 8-K.Cousins pass short right to 33-D.Cook to MIN 12 for no gain (50-N.Morrow). MIN-64-J.Kline was injured during the play. OAK-50-N.Morrow was injured during the play.,N,Morrow,LV,50,contact,lower body,tackler,2019,LV,LB,ILB,50,Active,Nicholas Morrow,Nicholas,Morrow,7/10/95,72,225,Greenville,2,REG,Nicholas,32004d4f-5270-9781-eda2-89daaedb48f7,2017,Sun,9/22/19,13:00:00,Minnesota Vikings,Oakland Raiders,34,14,385,0,302,1,2019,FALSE,Minnesota Vikings,Oakland Raiders,MIN,LV,5,159,UBU Sports Speed S5-M,Turf,U.S. Bank Stadium,TRUE,64.75,64.75,6,68.25,0,44.9746,-93.2598,37.7567,-122.1931,1571.306873,7,7
2019_04_LV_IND_Hurst,2019_LV_73_Hurst,2019_04_OAK_IND,IND,LV,REG,4,IND,home,LV,LV,48,43737,89,89,89,Half2,4,2,LV 48,6,"(1:29) (No Huddle, Shotgun) 7-J.Brissett pass incomplete short middle to 11-D.Cain [98-M.Crosby]. OAK-73-M.Hurst was injured during the play.",M,Hurst,LV,73,contact,lower body,tackler,2019,LV,DL,DT,73,Active,Maurice Hurst,Maurice,Hurst,5/9/95,73,291,Michigan,1,REG,Maurice,32004855-5250-1348-cfd2-5bfb51dbc5bb,2018,Sun,9/29/19,13:00:00,Oakland Raiders,Indianapolis Colts,31,24,377,1,346,2,2019,TRUE,Indianapolis Colts,Oakland Raiders,IND,LV,3,189,Shaw Sports Momentum Pro,Turf,Lucas Oil Stadium,TRUE,77.75,80,2.75,75.25,0,39.7255,-86.2698,37.7567,-122.1931,1927.908601,7,7
2019_04_LV_IND_Rogers,2019_IND_80_Rogers,2019_04_OAK_IND,IND,LV,REG,4,IND,home,LV,IND,85,43737,148,148,148,Half2,4,1,IND 15,10,(2:28) (Shotgun) 7-J.Brissett pass incomplete short middle to 80-C.Rogers (50-N.Morrow). IND-80-C.Rogers was injured during the play.,C,Rogers,IND,80,contact,upper body,pass reciever,2019,IND,WR,WR,80,NA,Chester Rogers,Chester,Rogers,1/12/94,72,184,Grambling State,3,REG,Chester,3200524f-4714-6742-8aec-cfa06f6c3ab6,2016,Sun,9/29/19,13:00:00,Oakland Raiders,Indianapolis Colts,31,24,377,1,346,2,2019,TRUE,Indianapolis Colts,Oakland Raiders,IND,LV,3,189,Shaw Sports Momentum Pro,Turf,Lucas Oil Stadium,TRUE,77.75,80,2.75,75.25,0,39.7255,-86.2698,37.7567,-122.1931,1927.908601,7,7
2019_04_LV_IND_Stewart,2019_IND_90_Stewart,2019_04_OAK_IND,IND,LV,REG,4,LV,away,IND,LV,80,43737,327,327,327,Half2,4,1,LV 20,15,(5:27) (Shotgun) 28-J.Jacobs right end to OAK 36 for 16 yards (37-K.Willis). IND-90-G.Stewart was injured during the play.,G,Stewart,IND,90,contact,lower body,tackler,2019,IND,DL,DT,90,Active,Grover Stewart,Grover,Stewart,10/20/93,76,315,"Albany State, Ga.",2,REG,Grover,32005354-4575-7436-dbba-86ad2a2f4b3a,2017,Sun,9/29/19,13:00:00,Oakland Raiders,Indianapolis Colts,31,24,377,1,346,2,2019,TRUE,Indianapolis Colts,Oakland Raiders,IND,LV,3,189,Shaw Sports Momentum Pro,Turf,Lucas Oil Stadium,TRUE,77.75,80,2.75,75.25,0,39.7255,-86.2698,37.7567,-122.1931,1927.908601,7,7
2019_05_CHI_LV_Hicks,2019_CHI_96_Hicks,2019_05_CHI_OAK,LV,CHI,REG,5,LV,home,CHI,CHI,28,43744,647,1547,3347,Half1,1,1,CHI 28,10,(10:47) 28-J.Jacobs left tackle to CHI 28 for no gain (97-N.Williams). CHI-96-A.Hicks was injured during the play. His return is Doubtful.,A,Hicks,CHI,96,contact,knee,run defender,2019,CHI,DL,DT,96,Active,Akiem Hicks,Akiem,Hicks,11/16/89,76,352,"Regina, Can.",7,REG,Akiem,32004849-4334-0209-678c-b8e5cd3a13ab,2012,Sun,10/6/19,13:00:00,Oakland Raiders,Chicago Bears,24,21,398,2,236,2,2019,FALSE,Oakland Raiders,Chicago Bears,LV,CHI,2,174,Bermuda Grass,Grass,Oakland Coliseum,FALSE,58.75,58.75,14.25,65.25,0,37.7567,-122.1931,42.256,-87.8954,1829.005174,7,7
2019_05_CHI_LV_Key,2019_LV_99_Key,2019_05_CHI_OAK,LV,CHI,REG,5,CHI,away,LV,LV,47,43744,90,90,90,Half2,4,1,LV 47,10,(1:30) (Shotgun) 4-C.Daniel pass incomplete short right to 83-J.Wims. OAK-99-A.Key was injured during the play. His return is Questionable.,A,Key,LV,99,contact,knee,pass rusher,2019,LV,DL,DE,99,NA,Arden Key,Arden,Key,5/3/96,77,240,Louisiana State,1,REG,Arden,32004b45-5909-9037-774f-e67d2a30cb11,2018,Sun,10/6/19,13:00:00,Oakland Raiders,Chicago Bears,24,21,398,2,236,2,2019,FALSE,Oakland Raiders,Chicago Bears,LV,CHI,2,174,Bermuda Grass,Grass,Oakland Coliseum,FALSE,58.75,58.75,14.25,65.25,0,37.7567,-122.1931,42.256,-87.8954,1829.005174,7,7
2019_07_LV_GB_Clark,2019_GB_97_Clark,2019_07_OAK_GB,GB,LV,REG,7,LV,away,GB,GB,17,43758,775,775,2575,Half1,2,1,GB 17,10,(12:55) 28-J.Jacobs up the middle to GB 14 for 3 yards (50-B.Martinez). GB-97-K.Clark was injured during the play. His return is Questionable.,K,Clark,GB,97,contact,lower body,pass blocker,2019,GB,DL,NT,97,Active,Kenny Clark,Kenneth,Clark,10/4/95,75,314,UCLA,3,CON,Kenny,3200434c-4140-9251-2f88-d454b8ae633b,2016,Sun,10/20/19,13:00:00,Green Bay Packers,Oakland Raiders,42,24,481,0,484,2,2019,FALSE,Green Bay Packers,Oakland Raiders,GB,LV,2,166,Desso GrassMaster,Hybrid,Lambeau Field,FALSE,58,58,2.75,65.25,0,44.5011,-88.0623,37.7567,-122.1931,1822.022678,6,14
2019_07_LV_GB_Worley,2019_LV_20_Worley,2019_07_OAK_GB,GB,LV,REG,7,GB,home,LV,LV,29,43758,178,1078,1078,Half2,3,1,LV 29,10,(2:58) (Shotgun) 12-A.Rodgers pass deep left to 13-A.Lazard to OAK 3 for 26 yards (20-D.Worley). OAK-20-D.Worley was injured during the play.,D,Worley,LV,20,contact,lower body,pass blocker,2019,LV,DB,CB,20,Active,Daryl Worley,Daryl,Worley,2/22/95,73,215,West Virginia,3,REG,Daryl,3200574f-5261-6410-d895-940efbad622c,2016,Sun,10/20/19,13:00:00,Green Bay Packers,Oakland Raiders,42,24,481,0,484,2,2019,FALSE,Green Bay Packers,Oakland Raiders,GB,LV,2,166,Desso GrassMaster,Hybrid,Lambeau Field,FALSE,58,58,2.75,65.25,0,44.5011,-88.0623,37.7567,-122.1931,1822.022678,6,14
2019_08_LV_HOU_Hudson,2019_LV_61_Hudson,2019_08_OAK_HOU,HOU,LV,REG,8,LV,away,HOU,LV,80,43765,361,1261,3061,Half1,1,1,LV 20,10,(6:01) 33-D.Washington left tackle to OAK 24 for 4 yards (92-B.Dunn). OAK-61-R.Hudson was injured during the play. His return is Probable.,R,Hudson,LV,61,contact,lower body,run blocker,2019,LV,OL,C,61,Active,Rodney Hudson,Rodney,Hudson,7/12/89,74,315,Florida State,8,REG,Rodney,32004855-4473-6504-5b3c-8616ce1867b3,2011,Sun,10/27/19,16:25:00,Houston Texans,Oakland Raiders,27,24,388,0,378,0,2019,FALSE,Houston Texans,Oakland Raiders,HOU,LV,5,182,Hellas Matrix Turf,Turf,NRG Stadium,TRUE,74.5,74.5,5.5,49.5,0,29.6849,-95.4106,37.7567,-122.1931,1630.244785,7,7
2019_08_LV_HOU_Johnson,2019_HOU_32_Johnson,2019_08_OAK_HOU,HOU,LV,REG,8,LV,away,HOU,LV,82,43765,320,320,2120,Half1,2,3,LV 18,20,(5:20) (Shotgun) 4-D.Carr pass short middle to 11-T.Davis to OAK 33 for 15 yards (32-L.Johnson). HOU-32-L.Johnson was injured during the play. His return is Probable.,L,Johnson,HOU,32,contact,upper body,tackler,2019,HOU,DB,DB,32,Active,Lonnie Johnson,Lonnie,Johnson,11/4/95,74,213,Kentucky,0,DIV,Lonnie,32004a4f-4800-0020-6142-473a18150e9b,2019,Sun,10/27/19,16:25:00,Houston Texans,Oakland Raiders,27,24,388,0,378,0,2019,FALSE,Houston Texans,Oakland Raiders,HOU,LV,5,182,Hellas Matrix Turf,Turf,NRG Stadium,TRUE,74.5,74.5,5.5,49.5,0,29.6849,-95.4106,37.7567,-122.1931,1630.244785,7,7
2019_08_LV_HOU_Mauro,2019_LV_97_Mauro,2019_08_OAK_HOU,HOU,LV,REG,8,HOU,home,LV,HOU,70,43765,507,1407,3207,Half1,1,1,HOU 30,10,(8:27) 23-C.Hyde left end to HOU 33 for 3 yards (59-T.Whitehead; 97-J.Mauro). OAK-97-J.Mauro was injured during the play. His return is Probable.,J,Mauro,LV,97,contact,unknown,tackler,2019,LV,DL,DE,97,Active,Josh Mauro,Josh,Mauro,2/17/91,78,290,Stanford,5,REG,Josh,32004d41-5564-0520-dec8-88f7b32eea0a,2014,Sun,10/27/19,16:25:00,Houston Texans,Oakland Raiders,27,24,388,0,378,0,2019,FALSE,Houston Texans,Oakland Raiders,HOU,LV,5,182,Hellas Matrix Turf,Turf,NRG Stadium,TRUE,74.5,74.5,5.5,49.5,0,29.6849,-95.4106,37.7567,-122.1931,1630.244785,7,7
2019_08_LV_HOU_Tunsil,2019_HOU_78_Tunsil,2019_08_OAK_HOU,HOU,LV,REG,8,HOU,home,LV,LV,49,43765,605,605,605,Half2,4,1,LV 49,10,(10:05) (Shotgun) 23-C.Hyde up the middle to OAK 44 for 5 yards (50-N.Morrow). HOU-78-L.Tunsil was injured during the play. His return is Probable.,L,Tunsil,HOU,78,unknown,not shown,run defender,2019,HOU,OL,T,78,Active,Laremy Tunsil,Laremy,Tunsil,8/2/94,77,313,Mississippi,3,DIV,Laremy,32005455-4e56-5442-704e-acb84ae7be26,2016,Sun,10/27/19,16:25:00,Houston Texans,Oakland Raiders,27,24,388,0,378,0,2019,FALSE,Houston Texans,Oakland Raiders,HOU,LV,5,182,Hellas Matrix Turf,Turf,NRG Stadium,TRUE,74.5,74.5,5.5,49.5,0,29.6849,-95.4106,37.7567,-122.1931,1630.244785,7,7
2019_08_LV_HOU_Watson,2019_HOU_4_Watson,2019_08_OAK_HOU,HOU,LV,REG,8,HOU,home,LV,LV,9,43765,394,394,394,Half2,4,1,LV 9,9,"(6:34) (Shotgun) 4-D.Watson pass short right to 87-D.Fells for 9 yards, TOUCHDOWN [98-M.Crosby]. HOU-4-D.Watson was injured during the play. His return is Probable.",D,Watson,HOU,4,contact,face,pass rusher,2019,HOU,QB,QB,4,Active,Deshaun Watson,Derrick,Watson,9/14/95,74,221,Clemson,2,DIV,Deshaun,32005741-5433-8355-e029-e49022cf4b81,2017,Sun,10/27/19,16:25:00,Houston Texans,Oakland Raiders,27,24,388,0,378,0,2019,FALSE,Houston Texans,Oakland Raiders,HOU,LV,5,182,Hellas Matrix Turf,Turf,NRG Stadium,TRUE,74.5,74.5,5.5,49.5,0,29.6849,-95.4106,37.7567,-122.1931,1630.244785,7,7
2019_09_DET_LV_Amendola,2019_DET_80_Amendola,2019_09_DET_OAK,LV,DET,REG,9,DET,away,LV,DET,65,43772,611,611,611,Half2,4,1,DET 35,10,(10:11) 9-M.Stafford pass incomplete deep right to 80-D.Amendola. DET-80-D.Amendola was injured during the play.,D,Amendola,DET,80,non contact,upper body,pass catcher,2019,DET,WR,WR,80,Active,Danny Amendola,Daniel,Amendola,11/2/85,71,185,Texas Tech,11,REG,Danny,3200414d-4535-9918-e336-c0dd118d7e30,2008,Sun,11/3/19,16:05:00,Oakland Raiders,Detroit Lions,31,24,450,0,473,2,2019,FALSE,Oakland Raiders,Detroit Lions,LV,DET,4,185,Bermuda Grass,Grass,Oakland Coliseum,FALSE,72,72,3.5,29,0,37.7567,-122.1931,42.34,-83.0455,2076.145411,7,7
2019_09_DET_LV_Brown,2019_LV_77_Brown,2019_09_DET_OAK,LV,DET,REG,9,LV,home,DET,LV,57,43772,652,1552,3352,Half1,1,1,LV 43,10,(10:52) 28-J.Jacobs right tackle pushed ob at DET 40 for 17 yards (27-J.Coleman). OAK-77-T.Brown was injured during the play. He is Out.,T,Brown,LV,77,contact,lower body,run blocker,2019,LV,OL,T,77,NA,Trent Brown,Trent,Brown,4/13/93,80,380,Florida,4,REG,Trent,32004252-4f73-9325-7786-18cc8995e060,2015,Sun,11/3/19,16:05:00,Oakland Raiders,Detroit Lions,31,24,450,0,473,2,2019,FALSE,Oakland Raiders,Detroit Lions,LV,DET,4,185,Bermuda Grass,Grass,Oakland Coliseum,FALSE,72,72,3.5,29,0,37.7567,-122.1931,42.34,-83.0455,2076.145411,7,7
2019_09_DET_LV_Hand,2019_DET_93_Hand,2019_09_DET_OAK,LV,DET,REG,9,LV,home,DET,DET,27,43772,659,1559,1559,Half2,3,3,DET 27,2,(10:59) (Shotgun) 4-D.Carr pass incomplete deep right to 16-T.Williams (29-R.Melvin). DET-93-D.Hand was injured during the play.,D,Hand,DET,93,contact,unknown,pass rusher,2019,DET,DL,DL,93,NA,Da'Shawn Hand,Da'Shawn,Hand,11/14/95,75,297,Alabama,1,REG,Da'Shawn,32004841-4e08-3056-e4d2-1b26ded29329,2018,Sun,11/3/19,16:05:00,Oakland Raiders,Detroit Lions,31,24,450,0,473,2,2019,FALSE,Oakland Raiders,Detroit Lions,LV,DET,4,185,Bermuda Grass,Grass,Oakland Coliseum,FALSE,72,72,3.5,29,0,37.7567,-122.1931,42.34,-83.0455,2076.145411,7,7
2019_09_DET_LV_Hockenson,2019_DET_88_Hockenson,2019_09_DET_OAK,LV,DET,REG,9,DET,away,LV,DET,58,43772,82,82,82,Half2,4,2,DET 42,10,(1:22) (Shotgun) 9-M.Stafford pass incomplete deep middle to 88-T.Hockenson (25-E.Harris). DET-88-T.Hockenson was injured during the play.,T,Hockenson,DET,88,contact,head,pass catcher,2019,DET,TE,TE,88,NA,T.J. Hockenson,T.J.,Hockenson,7/3/97,77,247,Iowa,0,REG,T.J.,3200484f-4342-2041-c442-6c874885b155,2019,Sun,11/3/19,16:05:00,Oakland Raiders,Detroit Lions,31,24,450,0,473,2,2019,FALSE,Oakland Raiders,Detroit Lions,LV,DET,4,185,Bermuda Grass,Grass,Oakland Coliseum,FALSE,72,72,3.5,29,0,37.7567,-122.1931,42.34,-83.0455,2076.145411,7,7
2019_10_LAC_LV_Ingram,2019_LAC_54_Ingram,2019_10_LAC_OAK,LV,LAC,REG,10,LV,home,LAC,LAC,18,43776,32,32,1832,Half1,2,2,LAC 18,10,(:32) (Shotgun) 4-D.Carr pass short right to 33-D.Washington to LAC 9 for 9 yards (49-D.Tranquill). LAC-54-M.Ingram was injured during the play. His return is Questionable.,M,Ingram,LAC,54,contact,head/ neck,AFP,2019,LAC,DL,DE,54,Active,Melvin Ingram,Melvin,Ingram,4/26/89,74,247,South Carolina,7,REG,Melvin,3200494e-4766-7979-5ad7-72203eae4114,2012,Thu,11/7/19,20:20:00,Oakland Raiders,Los Angeles Chargers,26,24,278,0,315,3,2019,FALSE,Oakland Raiders,Los Angeles Chargers,LV,LAC,3,175,Bermuda Grass,Grass,Oakland Coliseum,FALSE,54.75,54.75,5,74.5,0,37.7567,-122.1931,33.8642,-118.261,347.6122738,4,4
2019_10_LAC_LV_Joyner,2019_LV_29_Joyner,2019_10_LAC_OAK,LV,LAC,REG,10,LAC,away,LV,LAC,70,43776,37,37,37,Half2,4,2,LAC 30,10,"(:37) (Shotgun) 17-P.Rivers pass incomplete deep right to 86-H.Henry. OAK-29-L.Joyner was injured during the play. Penalty on LAC, Illegal Shift, declined.",L,Joyner,LV,29,non contact,lower body,AFP,2019,LV,DB,FS,29,Active,Lamarcus Joyner,Lamarcus,Joyner,11/27/90,68,185,Florida State,5,REG,Lamarcus,32004a4f-5946-4866-7495-d5ac553be826,2014,Thu,11/7/19,20:20:00,Oakland Raiders,Los Angeles Chargers,26,24,278,0,315,3,2019,FALSE,Oakland Raiders,Los Angeles Chargers,LV,LAC,3,175,Bermuda Grass,Grass,Oakland Coliseum,FALSE,54.75,54.75,5,74.5,0,37.7567,-122.1931,33.8642,-118.261,347.6122738,4,4
2019_10_LAC_LV_Tranquill,2019_LAC_49_Tranquill,2019_10_LAC_OAK,LV,LAC,REG,10,LV,home,LAC,50,50,43776,132,132,1932,Half1,2,3,MID 50,11,(2:12) (Shotgun) 4-D.Carr pass short left to 12-Z.Jones to LAC 40 for 10 yards (49-D.Tranquill). LAC-49-D.Tranquill was injured during the play. His return is Questionable.,D,Tranquill,LAC,49,contact,lower body,tackler,2019,LAC,LB,LB,49,Active,Drue Tranquill,Drue,Tranquill,8/15/95,74,234,Notre Dame,0,REG,Drue,32005452-4128-9059-cb73-4eadedc51904,2019,Thu,11/7/19,20:20:00,Oakland Raiders,Los Angeles Chargers,26,24,278,0,315,3,2019,FALSE,Oakland Raiders,Los Angeles Chargers,LV,LAC,3,175,Bermuda Grass,Grass,Oakland Coliseum,FALSE,54.75,54.75,5,74.5,0,37.7567,-122.1931,33.8642,-118.261,347.6122738,4,4
2019_11_CIN_LV_Dunlap,2019_CIN_96_Dunlap,2019_11_CIN_OAK,LV,CIN,REG,11,LV,home,CIN,CIN,4,43786,665,665,665,Half2,4,4,CIN 4,1,(11:05) 45-A.Ingold up the middle to CIN 1 for 3 yards (97-G.Atkins; 36-S.Williams). CIN-96-C.Dunlap was injured during the play. His return is Questionable.,C,Dunlap,CIN,96,contact,upper body,run defender,2019,CIN,DL,DE,96,Active,Carlos Dunlap,Carlos,Dunlap,2/28/89,78,285,Florida,9,REG,Carlos,32004455-4e47-4478-d651-c5c2e90fab0d,2010,Sun,11/17/19,16:25:00,Oakland Raiders,Cincinnati Bengals,17,10,386,2,246,2,2019,FALSE,Oakland Raiders,Cincinnati Bengals,LV,CIN,3,175,Bermuda Grass,Grass,Oakland Coliseum,FALSE,70.25,70.25,5,43.25,0,37.7567,-122.1931,39.0964,-84.5164,2026.926011,10,7
2019_11_CIN_LV_Jackson,2019_CIN_22_Jackson,2019_11_CIN_OAK,LV,CIN,REG,11,LV,home,CIN,CIN,34,43786,775,775,775,Half2,4,1,CIN 34,10,(12:55) 28-J.Jacobs left tackle pushed ob at CIN 13 for 21 yards (22-W.Jackson III; 96-C.Dunlap). CIN-22-W.Jackson III was injured during the play. His return is Questionable.,W,Jackson,CIN,22,contact,upper body,tackler,2019,CIN,DB,CB,22,Active,William Jackson,William,Jackson,10/27/92,72,196,Houston,3,REG,William,32004a41-4364-5516-1a9f-87dcd74055ee,2016,Sun,11/17/19,16:25:00,Oakland Raiders,Cincinnati Bengals,17,10,386,2,246,2,2019,FALSE,Oakland Raiders,Cincinnati Bengals,LV,CIN,3,175,Bermuda Grass,Grass,Oakland Coliseum,FALSE,70.25,70.25,5,43.25,0,37.7567,-122.1931,39.0964,-84.5164,2026.926011,10,7
2019_11_CIN_LV_Tate,2019_CIN_19_Tate,2019_11_CIN_OAK,LV,CIN,REG,11,CIN,away,LV,CIN,53,43786,411,411,411,Half2,4,3,CIN 47,19,(6:51) (Shotgun) 5-R.Finley pass deep middle to 19-A.Tate to OAK 33 for 20 yards (35-C.Riley). CIN-19-A.Tate was injured during the play. His return is Doubtful.,A,Tate,CIN,19,contact,head/neck,pass catcher,2019,CIN,WR,WR,19,NA,Auden Tate,Auden,Tate,2/3/97,77,228,Florida State,1,REG,Auden,32005441-5413-0154-6d9d-5c163b90a894,2018,Sun,11/17/19,16:25:00,Oakland Raiders,Cincinnati Bengals,17,10,386,2,246,2,2019,FALSE,Oakland Raiders,Cincinnati Bengals,LV,CIN,3,175,Bermuda Grass,Grass,Oakland Coliseum,FALSE,70.25,70.25,5,43.25,0,37.7567,-122.1931,39.0964,-84.5164,2026.926011,10,7
2019_12_LV_NYJ_Beachum,2019_NYJ_68_Beachum,2019_12_OAK_NYJ,NYJ,LV,REG,12,NYJ,home,LV,NYJ,94,43793,139,1039,2839,Half1,1,2,NYJ 6,8,(2:19) 14-S.Darnold pass short left to 26-L.Bell to NYJ 23 for 17 yards (50-N.Morrow). NYJ-68-K.Beachum was injured during the play.,K,Beachum,NYJ,68,contact,knee,pass blocker,2019,NYJ,OL,T,68,Active,Kelvin Beachum,Kelvin,Beachum,6/8/89,75,308,Southern Methodist,7,REG,Kelvin,32004245-4111-1513-5626-cd2b32ceb041,2012,Sun,11/24/19,13:00:00,New York Jets,Oakland Raiders,34,3,401,1,208,2,2019,FALSE,New York Jets,Oakland Raiders,NYJ,LV,4,161,FieldTurf Classic HD,Turf,MetLife Stadium,FALSE,42.25,37.5,7.5,88.25,99.75,40.8137,-74.0829,37.7567,-122.1931,2549.345661,7,7
2019_12_LV_NYJ_Edoga,2019_NYJ_75_Edoga,2019_12_OAK_NYJ,NYJ,LV,REG,12,NYJ,home,LV,NYJ,61,43793,900,900,2700,Half1,2,2,NYJ 39,9,(15:00) (Shotgun) 14-S.Darnold pass short left to 84-R.Griffin to OAK 49 for 12 yards (25-E.Harris). NYJ-75-C.Edoga was injured during the play.,C,Edoga,NYJ,75,contact,knee,pass blocker,2019,NYJ,OL,T,75,NA,Chuma Edoga,Chuma,Edoga,5/25/97,75,308,Southern California,0,REG,Chuma,32004544-4f33-7482-f251-ab502d650176,2019,Sun,11/24/19,13:00:00,New York Jets,Oakland Raiders,34,3,401,1,208,2,2019,FALSE,New York Jets,Oakland Raiders,NYJ,LV,4,161,FieldTurf Classic HD,Turf,MetLife Stadium,FALSE,42.25,37.5,7.5,88.25,99.75,40.8137,-74.0829,37.7567,-122.1931,2549.345661,7,7
2019_12_LV_NYJ_Hankins,2019_LV_90_Hankins,2019_12_OAK_NYJ,NYJ,LV,REG,12,NYJ,home,LV,NYJ,78,43793,852,852,852,Half2,4,1,NYJ 22,10,(14:12) (Shotgun) 14-S.Darnold pass incomplete short left to 18-D.Thomas (20-D.Worley). OAK-90-J.Hankins was injured during the play.,J,Hankins,LV,90,contact,knee,pass rusher,2019,LV,DL,DT,90,Active,Johnathan Hankins,Johnathan,Hankins,3/30/92,75,340,Ohio State,6,REG,Johnathan,32004841-4e16-9902-788f-c9022e21f3ed,2013,Sun,11/24/19,13:00:00,New York Jets,Oakland Raiders,34,3,401,1,208,2,2019,FALSE,New York Jets,Oakland Raiders,NYJ,LV,4,161,FieldTurf Classic HD,Turf,MetLife Stadium,FALSE,42.25,37.5,7.5,88.25,99.75,40.8137,-74.0829,37.7567,-122.1931,2549.345661,7,7
2019_12_LV_NYJ_Renfrow,2019_LV_13_Renfrow,2019_12_OAK_NYJ,NYJ,LV,REG,12,LV,away,NYJ,NYJ,25,43793,440,440,2240,Half1,2,3,NYJ 25,2,(7:20) (Shotgun) 4-D.Carr pass incomplete short left to 13-H.Renfrow (31-B.Austin). OAK-13-H.Renfrow was injured during the play.,H,Renfrow,LV,13,contact,head,pass catcher,2019,LV,WR,WR,13,Active,Hunter Renfrow,Hunter,Renfrow,12/21/95,70,185,Clemson,0,REG,Hunter,32005245-4e35-8499-ff02-b25484b87290,2019,Sun,11/24/19,13:00:00,New York Jets,Oakland Raiders,34,3,401,1,208,2,2019,FALSE,New York Jets,Oakland Raiders,NYJ,LV,4,161,FieldTurf Classic HD,Turf,MetLife Stadium,FALSE,42.25,37.5,7.5,88.25,99.75,40.8137,-74.0829,37.7567,-122.1931,2549.345661,7,7
2019_13_LV_KC_Harris,2019_LV_25_Harris,2019_13_OAK_KC,KC,LV,REG,13,KC,home,LV,KC,55,43800,733,733,733,Half2,4,2,KC 45,4,(12:13) (Shotgun) 34-D.Thompson right tackle to KC 48 for 3 yards (90-J.Hankins). OAK-25-E.Harris was injured during the play.,E,Harris,LV,25,contact,knee,tackler,2019,LV,DB,SS,25,Active,Erik Harris,Erik,Harris,4/2/90,74,220,"California, Pa.",3,REG,Erik,32004841-5238-5656-d69d-b258f71e2a37,2016,Sun,12/1/19,16:25:00,Kansas City Chiefs,Oakland Raiders,40,9,259,0,332,3,2019,FALSE,Kansas City Chiefs,Oakland Raiders,KC,LV,3,159,Bermuda Grass,Grass,Arrowhead Stadium,FALSE,34,25,12.5,60.75,0,39.0482,-94.4831,37.7567,-122.1931,1497.333876,13,7
2019_13_LV_KC_Joyner,2019_LV_29_Joyner,2019_13_OAK_KC,KC,LV,REG,13,KC,home,LV,LV,39,43800,510,510,2310,Half1,2,1,LV 39,10,(8:30) 15-P.Mahomes pass short middle to 87-T.Kelce to OAK 28 for 11 yards (29-L.Joyner). OAK-29-L.Joyner was injured during the play.,L,Joyner,LV,29,contact,upper body,pass defender,2019,LV,DB,FS,29,Active,Lamarcus Joyner,Lamarcus,Joyner,11/27/90,68,185,Florida State,5,REG,Lamarcus,32004a4f-5946-4866-7495-d5ac553be826,2014,Sun,12/1/19,16:25:00,Kansas City Chiefs,Oakland Raiders,40,9,259,0,332,3,2019,FALSE,Kansas City Chiefs,Oakland Raiders,KC,LV,3,159,Bermuda Grass,Grass,Arrowhead Stadium,FALSE,34,25,12.5,60.75,0,39.0482,-94.4831,37.7567,-122.1931,1497.333876,13,7
2019_13_LV_KC_Williams,2019_KC_31_Williams,2019_13_OAK_KC,KC,LV,REG,13,KC,home,LV,LV,17,43800,500,1400,1400,Half2,3,1,LV 17,10,(8:20) 31-D.Williams left end to OAK 21 for -4 yards (90-J.Hankins). KC-31-D.Williams was injured during the play. His return is Questionable.,D,Williams,KC,31,non contact,lower body,ball carrier,2019,KC,RB,RB,31,NA,Darrel Williams,Darrel,Williams,4/15/95,71,224,Louisiana State,1,SB,Darrel,32005749-4c20-7361-9bac-e63ffb6793a8,2018,Sun,12/1/19,16:25:00,Kansas City Chiefs,Oakland Raiders,40,9,259,0,332,3,2019,FALSE,Kansas City Chiefs,Oakland Raiders,KC,LV,3,159,Bermuda Grass,Grass,Arrowhead Stadium,FALSE,34,25,12.5,60.75,0,39.0482,-94.4831,37.7567,-122.1931,1497.333876,13,7
2019_14_TEN_LV_Moreau,2019_LV_87_Moreau,2019_14_TEN_OAK,LV,TEN,REG,14,LV,home,TEN,TEN,47,43807,744,1644,1644,Half2,3,1,TEN 47,10,(12:24) (Shotgun) 4-D.Carr pass short middle to 87-F.Moreau pushed ob at TEN 41 for 6 yards (37-A.Hooker). OAK-87-F.Moreau was injured during the play. He is Out.,F,Moreau,LV,87,contact,knee,ball carrier,2019,LV,TE,TE,87,NA,Foster Moreau,Foster,Moreau,5/6/97,76,250,Louisiana State,0,REG,Foster,32004d4f-5209-6402-e68b-97ba5fd58ae3,2019,Sun,12/8/19,16:25:00,Tennessee Titans,Oakland Raiders,42,21,552,1,355,1,2019,TRUE,Oakland Raiders,Tennessee Titans,LV,TEN,3,168,Bermuda Grass,Grass,Oakland Coliseum,FALSE,57.75,57.75,3.25,85,20.75,37.7567,-122.1931,36.1992,-86.8045,1944.766337,7,7
2019_14_TEN_LV_Worley,2019_LV_20_Worley,2019_14_TEN_OAK,LV,TEN,REG,14,TEN,away,LV,TEN,70,43807,127,1027,1027,Half2,3,1,TEN 30,10,(2:07) 22-D.Henry left tackle to OAK 46 for 24 yards (20-D.Worley). OAK-20-D.Worley was injured during the play.,D,Worley,LV,20,contact,lower body,tackler,2019,LV,DB,CB,20,Active,Daryl Worley,Daryl,Worley,2/22/95,73,215,West Virginia,3,REG,Daryl,3200574f-5261-6410-d895-940efbad622c,2016,Sun,12/8/19,16:25:00,Tennessee Titans,Oakland Raiders,42,21,552,1,355,1,2019,TRUE,Oakland Raiders,Tennessee Titans,LV,TEN,3,168,Bermuda Grass,Grass,Oakland Coliseum,FALSE,57.75,57.75,3.25,85,20.75,37.7567,-122.1931,36.1992,-86.8045,1944.766337,7,7
2019_15_JAX_LV_Allen,2019_JAX_41_Allen,2019_15_JAX_OAK,LV,JAX,REG,15,LV,home,JAX,JAX,49,43814,327,327,2127,Half1,2,2,JAX 49,9,(5:27) 4-D.Carr pass short left to 28-J.Jacobs pushed ob at JAX 35 for 14 yards (54-D.Payne). JAX-41-J.Allen was injured during the play. His return is Questionable.,J,Allen,JAX,41,contact,shoulder,pass rusher,2019,JAX,DL,DE,41,Active,Josh Allen,Joshua,Allen,7/13/97,77,262,Kentucky,0,REG,Josh,3200414c-4c52-8759-5d19-904fa0fc8823,2019,Sun,12/15/19,16:05:00,Jacksonville Jaguars,Oakland Raiders,20,16,262,0,364,0,2019,TRUE,Oakland Raiders,Jacksonville Jaguars,LV,JAX,1,178,Bermuda Grass,Grass,Oakland Coliseum,FALSE,55.75,55.75,5.75,55.5,0,37.7567,-122.1931,30.3237,-81.636,2359.168338,7,7
2019_16_LV_LAC_Mullen,2019_LV_27_Mullen,2019_16_OAK_LAC,LAC,LV,REG,16,LAC,home,LV,LAC,60,43821,253,253,2053,Half1,2,2,LAC 40,10,(4:13) (Shotgun) 17-P.Rivers pass short right to 86-H.Henry to OAK 43 for 17 yards (51-W.Compton). OAK-27-T.Mullen was injured during the play.,T,Mullen,LV,27,contact,head,tackler,2019,LV,DB,CB,27,Active,Trayvon Mullen,Trayvon,Mullen,9/20/97,74,200,Clemson,0,REG,Trayvon,32004d55-4c38-0585-7ea5-54b5f4d9dbd8,2019,Sun,12/22/19,16:05:00,Oakland Raiders,Los Angeles Chargers,24,17,366,0,284,0,2019,TRUE,Los Angeles Chargers,Oakland Raiders,LAC,LV,4,166,Hellas Matrix Turf,Turf,SoFi Stadium,TRUE,64.5,64.5,9,56,0,33.8642,-118.261,37.7567,-122.1931,347.6122738,7,7
2019_16_LV_LAC_Mullen,2019_LV_27_Mullen,2019_16_OAK_LAC,LAC,LV,REG,16,LAC,home,LV,LV,32,43821,135,135,135,Half2,4,3,LV 32,6,(2:15) (Shotgun) 17-P.Rivers pass short right to 16-A.Patton to OAK 22 for 10 yards (27-T.Mullen). OAK-27-T.Mullen was injured during the play.,T,Mullen,LV,27,contact,head,tackler,2019,LV,DB,CB,27,Active,Trayvon Mullen,Trayvon,Mullen,9/20/97,74,200,Clemson,0,REG,Trayvon,32004d55-4c38-0585-7ea5-54b5f4d9dbd8,2019,Sun,12/22/19,16:05:00,Oakland Raiders,Los Angeles Chargers,24,17,366,0,284,0,2019,TRUE,Los Angeles Chargers,Oakland Raiders,LAC,LV,4,166,Hellas Matrix Turf,Turf,SoFi Stadium,TRUE,64.5,64.5,9,56,0,33.8642,-118.261,37.7567,-122.1931,347.6122738,7,7
2019_16_LV_LAC_Perryman,2019_LAC_52_Perryman,2019_16_OAK_LAC,LAC,LV,REG,16,LV,away,LAC,LV,58,43821,310,310,310,Half2,4,1,LV 42,10,(5:10) 33-D.Washington up the middle to OAK 46 for 4 yards (44-K.White). LAC-52-D.Perryman was injured during the play.,D,Perryman,LAC,52,contact,lower body,run defender,2019,LAC,LB,ILB,52,Active,Denzel Perryman,Denzel,Perryman,12/5/92,71,240,Miami,4,REG,Denzel,32005045-5277-5462-491f-9c5c82a7d666,2015,Sun,12/22/19,16:05:00,Oakland Raiders,Los Angeles Chargers,24,17,366,0,284,0,2019,TRUE,Los Angeles Chargers,Oakland Raiders,LAC,LV,4,166,Hellas Matrix Turf,Turf,SoFi Stadium,TRUE,64.5,64.5,9,56,0,33.8642,-118.261,37.7567,-122.1931,347.6122738,7,7
2019_16_LV_LAC_Richard,2019_LV_30_Richard,2019_16_OAK_LAC,LAC,LV,REG,16,LV,away,LAC,LV,85,43821,562,1462,3262,Half1,1,1,LV 15,10,(9:22) 4-D.Carr pass short left to 30-J.Richard to OAK 14 for -1 yards (33-D.James). OAK-30-J.Richard was injured during the play. His return is Questionable.,J,Richard,LV,30,contact,lower body,ball carrier,2019,LV,RB,RB,30,Active,Jalen Richard,Jalen,Richard,10/15/93,68,207,Southern Mississippi,3,REG,Jalen,32005249-4321-5247-7a5e-942202d7199a,2016,Sun,12/22/19,16:05:00,Oakland Raiders,Los Angeles Chargers,24,17,366,0,284,0,2019,TRUE,Los Angeles Chargers,Oakland Raiders,LAC,LV,4,166,Hellas Matrix Turf,Turf,SoFi Stadium,TRUE,64.5,64.5,9,56,0,33.8642,-118.261,37.7567,-122.1931,347.6122738,7,7
2019_17_LV_DEN_Compton,2019_LV_51_Compton,2019_17_OAK_DEN,DEN,LV,REG,17,DEN,home,LV,LV,25,43828,115,115,115,Half2,4,3,LV 25,8,"(1:55) 30-P.Lindsay up the middle to OAK 24 for 1 yard (50-N.Morrow). OAK-51-W.Compton was injured during the play. PENALTY on DEN-72-G.Bolles, Unnecessary Roughness, 15 yards, enforced at OAK 24.",W,Compton,LV,51,contact,upper body/ shoulder,run defender,2019,LV,LB,ILB,51,Active,Will Compton,William,Compton,9/19/89,73,235,Nebraska,6,REG,Will,3200434f-4d67-3597-dd27-1e2e40c96ad4,2013,Sun,12/29/19,16:25:00,Denver Broncos,Oakland Raiders,16,15,238,1,477,1,2019,FALSE,Denver Broncos,Oakland Raiders,DEN,LV,3,183,Kentucky Bluegrass,Grass,Empower Field at Mile High,FALSE,31.5,28,3.25,33.75,0,39.5791,-104.83,37.7567,-122.1931,943.6575276,7,7
2019_17_LV_DEN_Miller,2019_DEN_58_Miller,2019_17_OAK_DEN,DEN,LV,REG,17,LV,away,DEN,DEN,41,43828,828,1728,1728,Half2,3,2,DEN 41,12,"(13:48) 4-D.Carr pass short right to 33-D.Washington to DEN 41 for no gain (31-J.Simmons, 51-T.Davis) [58-V.Miller]. DEN-58-V.Miller was injured during the play.",V,Miller,DEN,58,contact,upper body,tackler,2019,DEN,LB,OLB,58,Active,Von Miller,Vonnie,Miller,3/26/89,75,250,Texas A&amp;M,8,REG,Von,32004d49-4c59-7654-8608-622051b53bd3,2011,Sun,12/29/19,16:25:00,Denver Broncos,Oakland Raiders,16,15,238,1,477,1,2019,FALSE,Denver Broncos,Oakland Raiders,DEN,LV,3,183,Kentucky Bluegrass,Grass,Empower Field at Mile High,FALSE,31.5,28,3.25,33.75,0,39.5791,-104.83,37.7567,-122.1931,943.6575276,7,7
2019_17_LV_DEN_Morrow,2019_LV_50_Morrow,2019_17_OAK_DEN,DEN,LV,REG,17,DEN,home,LV,LV,41,43828,71,71,1871,Half1,2,1,LV 41,10,(1:11) (Shotgun) 3-D.Lock scrambles left end to OAK 29 for 12 yards (50-N.Morrow). OAK-50-N.Morrow was injured during the play.,N,Morrow,LV,50,contact,upper body,tackler,2019,LV,LB,ILB,50,Active,Nicholas Morrow,Nicholas,Morrow,7/10/95,72,225,Greenville,2,REG,Nicholas,32004d4f-5270-9781-eda2-89daaedb48f7,2017,Sun,12/29/19,16:25:00,Denver Broncos,Oakland Raiders,16,15,238,1,477,1,2019,FALSE,Denver Broncos,Oakland Raiders,DEN,LV,3,183,Kentucky Bluegrass,Grass,Empower Field at Mile High,FALSE,31.5,28,3.25,33.75,0,39.5791,-104.83,37.7567,-122.1931,943.6575276,7,7